This is pdfTeX, Version 3.141592653-2.6-1.40.27 (TeX Live 2025) (preloaded format=pdflatex 2025.4.1)  7 AUG 2026 18:26
entering extended mode
 restricted \write18 enabled.
 %&-line parsing enabled.
**myst.tex
(./myst.tex
LaTeX2e <2024-11-01> patch level 2
L3 programming layer <2025-01-18>
(/usr/local/texlive/2025/texmf-dist/tex/latex/base/book.cls
Document Class: book 2024/06/29 v1.4n Standard LaTeX document class
(/usr/local/texlive/2025/texmf-dist/tex/latex/base/bk11.clo
File: bk11.clo 2024/06/29 v1.4n Standard LaTeX file (size option)
)
\c@part=\count196
\c@chapter=\count197
\c@section=\count198
\c@subsection=\count199
\c@subsubsection=\count266
\c@paragraph=\count267
\c@subparagraph=\count268
\c@figure=\count269
\c@table=\count270
\abovecaptionskip=\skip49
\belowcaptionskip=\skip50
\bibindent=\dimen141
)
(/usr/local/texlive/2025/texmf-dist/tex/latex/geometry/geometry.sty
Package: geometry 2020/01/02 v5.9 Page Geometry

(/usr/local/texlive/2025/texmf-dist/tex/latex/graphics/keyval.sty
Package: keyval 2022/05/29 v1.15 key=value parser (DPC)
\KV@toks@=\toks17
)
(/usr/local/texlive/2025/texmf-dist/tex/generic/iftex/ifvtex.sty
Package: ifvtex 2019/10/25 v1.7 ifvtex legacy package. Use iftex instead.

(/usr/local/texlive/2025/texmf-dist/tex/generic/iftex/iftex.sty
Package: iftex 2024/12/12 v1.0g TeX engine tests
))
\Gm@cnth=\count271
\Gm@cntv=\count272
\c@Gm@tempcnt=\count273
\Gm@bindingoffset=\dimen142
\Gm@wd@mp=\dimen143
\Gm@odd@mp=\dimen144
\Gm@even@mp=\dimen145
\Gm@layoutwidth=\dimen146
\Gm@layoutheight=\dimen147
\Gm@layouthoffset=\dimen148
\Gm@layoutvoffset=\dimen149
\Gm@dimlist=\toks18
)
(/usr/local/texlive/2025/texmf-dist/tex/latex/base/fontenc.sty
Package: fontenc 2021/04/29 v2.0v Standard LaTeX package
)
(/usr/local/texlive/2025/texmf-dist/tex/latex/base/inputenc.sty
Package: inputenc 2024/02/08 v1.3d Input encoding file
\inpenc@prehook=\toks19
\inpenc@posthook=\toks20
)
(/usr/local/texlive/2025/texmf-dist/tex/latex/lm/lmodern.sty
Package: lmodern 2015/05/01 v1.6.1 Latin Modern Fonts
LaTeX Font Info:    Overwriting symbol font `operators' in version `normal'
(Font)                  OT1/cmr/m/n --> OT1/lmr/m/n on input line 22.
LaTeX Font Info:    Overwriting symbol font `letters' in version `normal'
(Font)                  OML/cmm/m/it --> OML/lmm/m/it on input line 23.
LaTeX Font Info:    Overwriting symbol font `symbols' in version `normal'
(Font)                  OMS/cmsy/m/n --> OMS/lmsy/m/n on input line 24.
LaTeX Font Info:    Overwriting symbol font `largesymbols' in version `normal'
(Font)                  OMX/cmex/m/n --> OMX/lmex/m/n on input line 25.
LaTeX Font Info:    Overwriting symbol font `operators' in version `bold'
(Font)                  OT1/cmr/bx/n --> OT1/lmr/bx/n on input line 26.
LaTeX Font Info:    Overwriting symbol font `letters' in version `bold'
(Font)                  OML/cmm/b/it --> OML/lmm/b/it on input line 27.
LaTeX Font Info:    Overwriting symbol font `symbols' in version `bold'
(Font)                  OMS/cmsy/b/n --> OMS/lmsy/b/n on input line 28.
LaTeX Font Info:    Overwriting symbol font `largesymbols' in version `bold'
(Font)                  OMX/cmex/m/n --> OMX/lmex/m/n on input line 29.
LaTeX Font Info:    Overwriting math alphabet `\mathbf' in version `normal'
(Font)                  OT1/cmr/bx/n --> OT1/lmr/bx/n on input line 31.
LaTeX Font Info:    Overwriting math alphabet `\mathsf' in version `normal'
(Font)                  OT1/cmss/m/n --> OT1/lmss/m/n on input line 32.
LaTeX Font Info:    Overwriting math alphabet `\mathit' in version `normal'
(Font)                  OT1/cmr/m/it --> OT1/lmr/m/it on input line 33.
LaTeX Font Info:    Overwriting math alphabet `\mathtt' in version `normal'
(Font)                  OT1/cmtt/m/n --> OT1/lmtt/m/n on input line 34.
LaTeX Font Info:    Overwriting math alphabet `\mathbf' in version `bold'
(Font)                  OT1/cmr/bx/n --> OT1/lmr/bx/n on input line 35.
LaTeX Font Info:    Overwriting math alphabet `\mathsf' in version `bold'
(Font)                  OT1/cmss/bx/n --> OT1/lmss/bx/n on input line 36.
LaTeX Font Info:    Overwriting math alphabet `\mathit' in version `bold'
(Font)                  OT1/cmr/bx/it --> OT1/lmr/bx/it on input line 37.
LaTeX Font Info:    Overwriting math alphabet `\mathtt' in version `bold'
(Font)                  OT1/cmtt/m/n --> OT1/lmtt/m/n on input line 38.
)
(/usr/local/texlive/2025/texmf-dist/tex/latex/graphics/graphicx.sty
Package: graphicx 2021/09/16 v1.2d Enhanced LaTeX Graphics (DPC,SPQR)

(/usr/local/texlive/2025/texmf-dist/tex/latex/graphics/graphics.sty
Package: graphics 2024/08/06 v1.4g Standard LaTeX Graphics (DPC,SPQR)

(/usr/local/texlive/2025/texmf-dist/tex/latex/graphics/trig.sty
Package: trig 2023/12/02 v1.11 sin cos tan (DPC)
)
(/usr/local/texlive/2025/texmf-dist/tex/latex/graphics-cfg/graphics.cfg
File: graphics.cfg 2016/06/04 v1.11 sample graphics configuration
)
Package graphics Info: Driver file: pdftex.def on input line 106.

(/usr/local/texlive/2025/texmf-dist/tex/latex/graphics-def/pdftex.def
File: pdftex.def 2024/04/13 v1.2c Graphics/color driver for pdftex
))
\Gin@req@height=\dimen150
\Gin@req@width=\dimen151
)
(/usr/local/texlive/2025/texmf-dist/tex/latex/caption/caption.sty
Package: caption 2023/08/05 v3.6o Customizing captions (AR)

(/usr/local/texlive/2025/texmf-dist/tex/latex/caption/caption3.sty
Package: caption3 2023/07/31 v2.4d caption3 kernel (AR)
\caption@tempdima=\dimen152
\captionmargin=\dimen153
\caption@leftmargin=\dimen154
\caption@rightmargin=\dimen155
\caption@width=\dimen156
\caption@indent=\dimen157
\caption@parindent=\dimen158
\caption@hangindent=\dimen159
Package caption Info: Standard document class detected.
)
\c@caption@flags=\count274
\c@continuedfloat=\count275
)
(/usr/local/texlive/2025/texmf-dist/tex/latex/natbib/natbib.sty
Package: natbib 2010/09/13 8.31b (PWD, AO)
\bibhang=\skip51
\bibsep=\skip52
LaTeX Info: Redefining \cite on input line 694.
\c@NAT@ctr=\count276
)
(/usr/local/texlive/2025/texmf-dist/tex/latex/xcolor/xcolor.sty
Package: xcolor 2024/09/29 v3.02 LaTeX color extensions (UK)

(/usr/local/texlive/2025/texmf-dist/tex/latex/graphics-cfg/color.cfg
File: color.cfg 2016/01/02 v1.6 sample color configuration
)
Package xcolor Info: Driver file: pdftex.def on input line 274.

(/usr/local/texlive/2025/texmf-dist/tex/latex/graphics/mathcolor.ltx)
Package xcolor Info: Model `cmy' substituted by `cmy0' on input line 1349.
Package xcolor Info: Model `hsb' substituted by `rgb' on input line 1353.
Package xcolor Info: Model `RGB' extended on input line 1365.
Package xcolor Info: Model `HTML' substituted by `rgb' on input line 1367.
Package xcolor Info: Model `Hsb' substituted by `hsb' on input line 1368.
Package xcolor Info: Model `tHsb' substituted by `hsb' on input line 1369.
Package xcolor Info: Model `HSB' substituted by `hsb' on input line 1370.
Package xcolor Info: Model `Gray' substituted by `gray' on input line 1371.
Package xcolor Info: Model `wave' substituted by `hsb' on input line 1372.
)
(/usr/local/texlive/2025/texmf-dist/tex/latex/changepage/changepage.sty
Package: changepage 2009/10/20 v1.0c check page and change page layout
\c@cp@cntr=\count277
\cp@tempcnt=\count278
)
(/usr/local/texlive/2025/texmf-dist/tex/latex/framed/framed.sty
Package: framed 2011/10/22 v 0.96: framed or shaded text with page breaks
\OuterFrameSep=\skip53
\fb@frw=\dimen160
\fb@frh=\dimen161
\FrameRule=\dimen162
\FrameSep=\dimen163
)
(/usr/local/texlive/2025/texmf-dist/tex/latex/hyperref/hyperref.sty
Package: hyperref 2024-11-05 v7.01l Hypertext links for LaTeX

(/usr/local/texlive/2025/texmf-dist/tex/latex/kvsetkeys/kvsetkeys.sty
Package: kvsetkeys 2022-10-05 v1.19 Key value parser (HO)
)
(/usr/local/texlive/2025/texmf-dist/tex/generic/kvdefinekeys/kvdefinekeys.sty
Package: kvdefinekeys 2019-12-19 v1.6 Define keys (HO)
)
(/usr/local/texlive/2025/texmf-dist/tex/generic/pdfescape/pdfescape.sty
Package: pdfescape 2019/12/09 v1.15 Implements pdfTeX's escape features (HO)

(/usr/local/texlive/2025/texmf-dist/tex/generic/ltxcmds/ltxcmds.sty
Package: ltxcmds 2023-12-04 v1.26 LaTeX kernel commands for general use (HO)
)
(/usr/local/texlive/2025/texmf-dist/tex/generic/pdftexcmds/pdftexcmds.sty
Package: pdftexcmds 2020-06-27 v0.33 Utility functions of pdfTeX for LuaTeX (HO
)

(/usr/local/texlive/2025/texmf-dist/tex/generic/infwarerr/infwarerr.sty
Package: infwarerr 2019/12/03 v1.5 Providing info/warning/error messages (HO)
)
Package pdftexcmds Info: \pdf@primitive is available.
Package pdftexcmds Info: \pdf@ifprimitive is available.
Package pdftexcmds Info: \pdfdraftmode found.
))
(/usr/local/texlive/2025/texmf-dist/tex/latex/hycolor/hycolor.sty
Package: hycolor 2020-01-27 v1.10 Color options for hyperref/bookmark (HO)
)
(/usr/local/texlive/2025/texmf-dist/tex/latex/hyperref/nameref.sty
Package: nameref 2023-11-26 v2.56 Cross-referencing by name of section

(/usr/local/texlive/2025/texmf-dist/tex/latex/refcount/refcount.sty
Package: refcount 2019/12/15 v3.6 Data extraction from label references (HO)
)
(/usr/local/texlive/2025/texmf-dist/tex/generic/gettitlestring/gettitlestring.s
ty
Package: gettitlestring 2019/12/15 v1.6 Cleanup title references (HO)
 (/usr/local/texlive/2025/texmf-dist/tex/latex/kvoptions/kvoptions.sty
Package: kvoptions 2022-06-15 v3.15 Key value format for package options (HO)
))
\c@section@level=\count279
)
(/usr/local/texlive/2025/texmf-dist/tex/latex/etoolbox/etoolbox.sty
Package: etoolbox 2025/02/11 v2.5l e-TeX tools for LaTeX (JAW)
\etb@tempcnta=\count280
)
(/usr/local/texlive/2025/texmf-dist/tex/generic/stringenc/stringenc.sty
Package: stringenc 2019/11/29 v1.12 Convert strings between diff. encodings (HO
)
)
\@linkdim=\dimen164
\Hy@linkcounter=\count281
\Hy@pagecounter=\count282

(/usr/local/texlive/2025/texmf-dist/tex/latex/hyperref/pd1enc.def
File: pd1enc.def 2024-11-05 v7.01l Hyperref: PDFDocEncoding definition (HO)
Now handling font encoding PD1 ...
... no UTF-8 mapping file for font encoding PD1
)
(/usr/local/texlive/2025/texmf-dist/tex/generic/intcalc/intcalc.sty
Package: intcalc 2019/12/15 v1.3 Expandable calculations with integers (HO)
)
\Hy@SavedSpaceFactor=\count283

(/usr/local/texlive/2025/texmf-dist/tex/latex/hyperref/puenc.def
File: puenc.def 2024-11-05 v7.01l Hyperref: PDF Unicode definition (HO)
Now handling font encoding PU ...
... no UTF-8 mapping file for font encoding PU
)
Package hyperref Info: Hyper figures OFF on input line 4157.
Package hyperref Info: Link nesting OFF on input line 4162.
Package hyperref Info: Hyper index ON on input line 4165.
Package hyperref Info: Plain pages OFF on input line 4172.
Package hyperref Info: Backreferencing OFF on input line 4177.
Package hyperref Info: Implicit mode ON; LaTeX internals redefined.
Package hyperref Info: Bookmarks ON on input line 4424.
\c@Hy@tempcnt=\count284

(/usr/local/texlive/2025/texmf-dist/tex/latex/url/url.sty
\Urlmuskip=\muskip17
Package: url 2013/09/16  ver 3.4  Verb mode for urls, etc.
)
LaTeX Info: Redefining \url on input line 4763.
\XeTeXLinkMargin=\dimen165

(/usr/local/texlive/2025/texmf-dist/tex/generic/bitset/bitset.sty
Package: bitset 2019/12/09 v1.3 Handle bit-vector datatype (HO)

(/usr/local/texlive/2025/texmf-dist/tex/generic/bigintcalc/bigintcalc.sty
Package: bigintcalc 2019/12/15 v1.5 Expandable calculations on big integers (HO
)
))
\Fld@menulength=\count285
\Field@Width=\dimen166
\Fld@charsize=\dimen167
Package hyperref Info: Hyper figures OFF on input line 6042.
Package hyperref Info: Link nesting OFF on input line 6047.
Package hyperref Info: Hyper index ON on input line 6050.
Package hyperref Info: backreferencing OFF on input line 6057.
Package hyperref Info: Link coloring OFF on input line 6062.
Package hyperref Info: Link coloring with OCG OFF on input line 6067.
Package hyperref Info: PDF/A mode OFF on input line 6072.

(/usr/local/texlive/2025/texmf-dist/tex/latex/base/atbegshi-ltx.sty
Package: atbegshi-ltx 2021/01/10 v1.0c Emulation of the original atbegshi
package with kernel methods
)
\Hy@abspage=\count286
\c@Item=\count287
\c@Hfootnote=\count288
)
Package hyperref Info: Driver (autodetected): hpdftex.

(/usr/local/texlive/2025/texmf-dist/tex/latex/hyperref/hpdftex.def
File: hpdftex.def 2024-11-05 v7.01l Hyperref driver for pdfTeX

(/usr/local/texlive/2025/texmf-dist/tex/latex/base/atveryend-ltx.sty
Package: atveryend-ltx 2020/08/19 v1.0a Emulation of the original atveryend pac
kage
with kernel methods
)
\Fld@listcount=\count289
\c@bookmark@seq@number=\count290

(/usr/local/texlive/2025/texmf-dist/tex/latex/rerunfilecheck/rerunfilecheck.sty
Package: rerunfilecheck 2022-07-10 v1.10 Rerun checks for auxiliary files (HO)

(/usr/local/texlive/2025/texmf-dist/tex/generic/uniquecounter/uniquecounter.sty
Package: uniquecounter 2019/12/15 v1.4 Provide unlimited unique counter (HO)
)
Package uniquecounter Info: New unique counter `rerunfilecheck' on input line 2
85.
)
\Hy@SectionHShift=\skip54
) (/usr/local/texlive/2025/texmf-dist/tex/latex/amsfonts/amssymb.sty
Package: amssymb 2013/01/14 v3.01 AMS font symbols

(/usr/local/texlive/2025/texmf-dist/tex/latex/amsfonts/amsfonts.sty
Package: amsfonts 2013/01/14 v3.01 Basic AMSFonts support
\@emptytoks=\toks21
\symAMSa=\mathgroup4
\symAMSb=\mathgroup5
LaTeX Font Info:    Redeclaring math symbol \hbar on input line 98.
LaTeX Font Info:    Overwriting math alphabet `\mathfrak' in version `bold'
(Font)                  U/euf/m/n --> U/euf/b/n on input line 106.
))
(/usr/local/texlive/2025/texmf-dist/tex/latex/enumitem/enumitem.sty
Package: enumitem 2025/02/06 v3.11 Customized lists
\labelindent=\skip55
\enit@outerparindent=\dimen168
\enit@toks=\toks22
\enit@inbox=\box52
\enit@count@id=\count291
\enitdp@description=\count292
)
(/usr/local/texlive/2025/texmf-dist/tex/latex/fvextra/fvextra.sty
Package: fvextra 2025/03/04 v1.12.0 fvextra - extensions and patches for fancyv
rb

(/usr/local/texlive/2025/texmf-dist/tex/latex/fancyvrb/fancyvrb.sty
Package: fancyvrb 2024/01/20 4.5c verbatim text (tvz,hv)
\FV@CodeLineNo=\count293
\FV@InFile=\read2
\FV@TabBox=\box53
\c@FancyVerbLine=\count294
\FV@StepNumber=\count295
\FV@OutFile=\write3
)
(/usr/local/texlive/2025/texmf-dist/tex/latex/upquote/upquote.sty
Package: upquote 2012/04/19 v1.3 upright-quote and grave-accent glyphs in verba
tim

(/usr/local/texlive/2025/texmf-dist/tex/latex/base/textcomp.sty
Package: textcomp 2024/04/24 v2.1b Standard LaTeX package
))
(/usr/local/texlive/2025/texmf-dist/tex/latex/lineno/lineno.sty
Package: lineno 2025/01/29 line numbers on paragraphs v5.4
\linenopenalty=\count296
\output=\toks23
\linenoprevgraf=\count297
\linenumbersep=\dimen169
\linenumberwidth=\dimen170
\c@linenumber=\count298
\c@pagewiselinenumber=\count299
\c@LN@truepage=\count300
\c@internallinenumber=\count301
\c@internallinenumbers=\count302
\quotelinenumbersep=\dimen171
\bframerule=\dimen172
\bframesep=\dimen173
\bframebox=\box54
LaTeX Info: Redefining \\ on input line 3187.
)
\c@FancyVerbWriteLine=\count303
\c@FancyVerbBufferLine=\count304
\c@FV@TrueTabGroupLevel=\count305
\c@FV@TrueTabCounter=\count306
\FV@TabBox@Group=\box55
\FV@bgcolorstructbox=\box56
\FV@TmpLength=\skip56
\c@FV@HighlightLinesStart=\count307
\c@FV@HighlightLinesStop=\count308
\FV@LoopCount=\count309
\FV@NCharsBox=\box57
\FV@BreakIndent=\dimen174
\FV@BreakIndentNChars=\count310
\FV@BreakSymbolSepLeft=\dimen175
\FV@BreakSymbolSepLeftNChars=\count311
\FV@BreakSymbolSepRight=\dimen176
\FV@BreakSymbolSepRightNChars=\count312
\FV@BreakSymbolIndentLeft=\dimen177
\FV@BreakSymbolIndentLeftNChars=\count313
\FV@BreakSymbolIndentRight=\dimen178
\FV@BreakSymbolIndentRightNChars=\count314
\c@FancyVerbLineBreakLast=\count315
\FV@LineBox=\box58
\FV@LineIndentBox=\box59
\c@FV@BreakBufferDepth=\count316
\FV@LineWidth=\dimen179
)
(/usr/local/texlive/2025/texmf-dist/tex/latex/mdframed/mdframed.sty
Package: mdframed 2013/07/01 1.9b: mdframed

(/usr/local/texlive/2025/texmf-dist/tex/latex/l3packages/xparse/xparse.sty
(/usr/local/texlive/2025/texmf-dist/tex/latex/l3kernel/expl3.sty
Package: expl3 2025-01-18 L3 programming layer (loader) 

(/usr/local/texlive/2025/texmf-dist/tex/latex/l3backend/l3backend-pdftex.def
File: l3backend-pdftex.def 2024-05-08 L3 backend support: PDF output (pdfTeX)
\l__color_backend_stack_int=\count317
\l__pdf_internal_box=\box60
))
Package: xparse 2024-08-16 L3 Experimental document command parser
) (/usr/local/texlive/2025/texmf-dist/tex/latex/zref/zref-abspage.sty
Package: zref-abspage 2023-09-14 v2.35 Module abspage for zref (HO)

(/usr/local/texlive/2025/texmf-dist/tex/latex/zref/zref-base.sty
Package: zref-base 2023-09-14 v2.35 Module base for zref (HO)

(/usr/local/texlive/2025/texmf-dist/tex/generic/etexcmds/etexcmds.sty
Package: etexcmds 2019/12/15 v1.7 Avoid name clashes with e-TeX commands (HO)
)
(/usr/local/texlive/2025/texmf-dist/tex/latex/auxhook/auxhook.sty
Package: auxhook 2019-12-17 v1.6 Hooks for auxiliary files (HO)
)
Package zref Info: New property list: main on input line 767.
Package zref Info: New property: default on input line 768.
Package zref Info: New property: page on input line 769.
)
\c@abspage=\count318
Package zref Info: New property: abspage on input line 67.
)
(/usr/local/texlive/2025/texmf-dist/tex/latex/needspace/needspace.sty
Package: needspace 2010/09/12 v1.3d reserve vertical space
)
\mdf@templength=\skip57
\c@mdf@globalstyle@cnt=\count319
\mdf@skipabove@length=\skip58
\mdf@skipbelow@length=\skip59
\mdf@leftmargin@length=\skip60
\mdf@rightmargin@length=\skip61
\mdf@innerleftmargin@length=\skip62
\mdf@innerrightmargin@length=\skip63
\mdf@innertopmargin@length=\skip64
\mdf@innerbottommargin@length=\skip65
\mdf@splittopskip@length=\skip66
\mdf@splitbottomskip@length=\skip67
\mdf@outermargin@length=\skip68
\mdf@innermargin@length=\skip69
\mdf@linewidth@length=\skip70
\mdf@innerlinewidth@length=\skip71
\mdf@middlelinewidth@length=\skip72
\mdf@outerlinewidth@length=\skip73
\mdf@roundcorner@length=\skip74
\mdf@footenotedistance@length=\skip75
\mdf@userdefinedwidth@length=\skip76
\mdf@needspace@length=\skip77
\mdf@frametitleaboveskip@length=\skip78
\mdf@frametitlebelowskip@length=\skip79
\mdf@frametitlerulewidth@length=\skip80
\mdf@frametitleleftmargin@length=\skip81
\mdf@frametitlerightmargin@length=\skip82
\mdf@shadowsize@length=\skip83
\mdf@extratopheight@length=\skip84
\mdf@subtitleabovelinewidth@length=\skip85
\mdf@subtitlebelowlinewidth@length=\skip86
\mdf@subtitleaboveskip@length=\skip87
\mdf@subtitlebelowskip@length=\skip88
\mdf@subtitleinneraboveskip@length=\skip89
\mdf@subtitleinnerbelowskip@length=\skip90
\mdf@subsubtitleabovelinewidth@length=\skip91
\mdf@subsubtitlebelowlinewidth@length=\skip92
\mdf@subsubtitleaboveskip@length=\skip93
\mdf@subsubtitlebelowskip@length=\skip94
\mdf@subsubtitleinneraboveskip@length=\skip95
\mdf@subsubtitleinnerbelowskip@length=\skip96

(/usr/local/texlive/2025/texmf-dist/tex/latex/pgf/frontendlayer/tikz.sty
(/usr/local/texlive/2025/texmf-dist/tex/latex/pgf/basiclayer/pgf.sty
(/usr/local/texlive/2025/texmf-dist/tex/latex/pgf/utilities/pgfrcs.sty
(/usr/local/texlive/2025/texmf-dist/tex/generic/pgf/utilities/pgfutil-common.te
x
\pgfutil@everybye=\toks24
\pgfutil@tempdima=\dimen180
\pgfutil@tempdimb=\dimen181
)
(/usr/local/texlive/2025/texmf-dist/tex/generic/pgf/utilities/pgfutil-latex.def
\pgfutil@abb=\box61
) (/usr/local/texlive/2025/texmf-dist/tex/generic/pgf/utilities/pgfrcs.code.tex
(/usr/local/texlive/2025/texmf-dist/tex/generic/pgf/pgf.revision.tex)
Package: pgfrcs 2023-01-15 v3.1.10 (3.1.10)
))
Package: pgf 2023-01-15 v3.1.10 (3.1.10)

(/usr/local/texlive/2025/texmf-dist/tex/latex/pgf/basiclayer/pgfcore.sty
(/usr/local/texlive/2025/texmf-dist/tex/latex/pgf/systemlayer/pgfsys.sty
(/usr/local/texlive/2025/texmf-dist/tex/generic/pgf/systemlayer/pgfsys.code.tex
Package: pgfsys 2023-01-15 v3.1.10 (3.1.10)
(/usr/local/texlive/2025/texmf-dist/tex/generic/pgf/utilities/pgfkeys.code.tex
\pgfkeys@pathtoks=\toks25
\pgfkeys@temptoks=\toks26

(/usr/local/texlive/2025/texmf-dist/tex/generic/pgf/utilities/pgfkeyslibraryfil
tered.code.tex
\pgfkeys@tmptoks=\toks27
))
\pgf@x=\dimen182
\pgf@y=\dimen183
\pgf@xa=\dimen184
\pgf@ya=\dimen185
\pgf@xb=\dimen186
\pgf@yb=\dimen187
\pgf@xc=\dimen188
\pgf@yc=\dimen189
\pgf@xd=\dimen190
\pgf@yd=\dimen191
\w@pgf@writea=\write4
\r@pgf@reada=\read3
\c@pgf@counta=\count320
\c@pgf@countb=\count321
\c@pgf@countc=\count322
\c@pgf@countd=\count323
\t@pgf@toka=\toks28
\t@pgf@tokb=\toks29
\t@pgf@tokc=\toks30
\pgf@sys@id@count=\count324

(/usr/local/texlive/2025/texmf-dist/tex/generic/pgf/systemlayer/pgf.cfg
File: pgf.cfg 2023-01-15 v3.1.10 (3.1.10)
)
Driver file for pgf: pgfsys-pdftex.def

(/usr/local/texlive/2025/texmf-dist/tex/generic/pgf/systemlayer/pgfsys-pdftex.d
ef
File: pgfsys-pdftex.def 2023-01-15 v3.1.10 (3.1.10)

(/usr/local/texlive/2025/texmf-dist/tex/generic/pgf/systemlayer/pgfsys-common-p
df.def
File: pgfsys-common-pdf.def 2023-01-15 v3.1.10 (3.1.10)
)))
(/usr/local/texlive/2025/texmf-dist/tex/generic/pgf/systemlayer/pgfsyssoftpath.
code.tex
File: pgfsyssoftpath.code.tex 2023-01-15 v3.1.10 (3.1.10)
\pgfsyssoftpath@smallbuffer@items=\count325
\pgfsyssoftpath@bigbuffer@items=\count326
)
(/usr/local/texlive/2025/texmf-dist/tex/generic/pgf/systemlayer/pgfsysprotocol.
code.tex
File: pgfsysprotocol.code.tex 2023-01-15 v3.1.10 (3.1.10)
))
(/usr/local/texlive/2025/texmf-dist/tex/generic/pgf/basiclayer/pgfcore.code.tex
Package: pgfcore 2023-01-15 v3.1.10 (3.1.10)
(/usr/local/texlive/2025/texmf-dist/tex/generic/pgf/math/pgfmath.code.tex
(/usr/local/texlive/2025/texmf-dist/tex/generic/pgf/math/pgfmathutil.code.tex)
(/usr/local/texlive/2025/texmf-dist/tex/generic/pgf/math/pgfmathparser.code.tex
\pgfmath@dimen=\dimen192
\pgfmath@count=\count327
\pgfmath@box=\box62
\pgfmath@toks=\toks31
\pgfmath@stack@operand=\toks32
\pgfmath@stack@operation=\toks33
)
(/usr/local/texlive/2025/texmf-dist/tex/generic/pgf/math/pgfmathfunctions.code.
tex)
(/usr/local/texlive/2025/texmf-dist/tex/generic/pgf/math/pgfmathfunctions.basic
.code.tex)
(/usr/local/texlive/2025/texmf-dist/tex/generic/pgf/math/pgfmathfunctions.trigo
nometric.code.tex)
(/usr/local/texlive/2025/texmf-dist/tex/generic/pgf/math/pgfmathfunctions.rando
m.code.tex)
(/usr/local/texlive/2025/texmf-dist/tex/generic/pgf/math/pgfmathfunctions.compa
rison.code.tex)
(/usr/local/texlive/2025/texmf-dist/tex/generic/pgf/math/pgfmathfunctions.base.
code.tex)
(/usr/local/texlive/2025/texmf-dist/tex/generic/pgf/math/pgfmathfunctions.round
.code.tex)
(/usr/local/texlive/2025/texmf-dist/tex/generic/pgf/math/pgfmathfunctions.misc.
code.tex)
(/usr/local/texlive/2025/texmf-dist/tex/generic/pgf/math/pgfmathfunctions.integ
erarithmetics.code.tex)
(/usr/local/texlive/2025/texmf-dist/tex/generic/pgf/math/pgfmathcalc.code.tex)
(/usr/local/texlive/2025/texmf-dist/tex/generic/pgf/math/pgfmathfloat.code.tex
\c@pgfmathroundto@lastzeros=\count328
)) (/usr/local/texlive/2025/texmf-dist/tex/generic/pgf/math/pgfint.code.tex)
(/usr/local/texlive/2025/texmf-dist/tex/generic/pgf/basiclayer/pgfcorepoints.co
de.tex
File: pgfcorepoints.code.tex 2023-01-15 v3.1.10 (3.1.10)
\pgf@picminx=\dimen193
\pgf@picmaxx=\dimen194
\pgf@picminy=\dimen195
\pgf@picmaxy=\dimen196
\pgf@pathminx=\dimen197
\pgf@pathmaxx=\dimen198
\pgf@pathminy=\dimen199
\pgf@pathmaxy=\dimen256
\pgf@xx=\dimen257
\pgf@xy=\dimen258
\pgf@yx=\dimen259
\pgf@yy=\dimen260
\pgf@zx=\dimen261
\pgf@zy=\dimen262
)
(/usr/local/texlive/2025/texmf-dist/tex/generic/pgf/basiclayer/pgfcorepathconst
ruct.code.tex
File: pgfcorepathconstruct.code.tex 2023-01-15 v3.1.10 (3.1.10)
\pgf@path@lastx=\dimen263
\pgf@path@lasty=\dimen264
)
(/usr/local/texlive/2025/texmf-dist/tex/generic/pgf/basiclayer/pgfcorepathusage
.code.tex
File: pgfcorepathusage.code.tex 2023-01-15 v3.1.10 (3.1.10)
\pgf@shorten@end@additional=\dimen265
\pgf@shorten@start@additional=\dimen266
)
(/usr/local/texlive/2025/texmf-dist/tex/generic/pgf/basiclayer/pgfcorescopes.co
de.tex
File: pgfcorescopes.code.tex 2023-01-15 v3.1.10 (3.1.10)
\pgfpic=\box63
\pgf@hbox=\box64
\pgf@layerbox@main=\box65
\pgf@picture@serial@count=\count329
)
(/usr/local/texlive/2025/texmf-dist/tex/generic/pgf/basiclayer/pgfcoregraphicst
ate.code.tex
File: pgfcoregraphicstate.code.tex 2023-01-15 v3.1.10 (3.1.10)
\pgflinewidth=\dimen267
)
(/usr/local/texlive/2025/texmf-dist/tex/generic/pgf/basiclayer/pgfcoretransform
ations.code.tex
File: pgfcoretransformations.code.tex 2023-01-15 v3.1.10 (3.1.10)
\pgf@pt@x=\dimen268
\pgf@pt@y=\dimen269
\pgf@pt@temp=\dimen270
)
(/usr/local/texlive/2025/texmf-dist/tex/generic/pgf/basiclayer/pgfcorequick.cod
e.tex
File: pgfcorequick.code.tex 2023-01-15 v3.1.10 (3.1.10)
)
(/usr/local/texlive/2025/texmf-dist/tex/generic/pgf/basiclayer/pgfcoreobjects.c
ode.tex
File: pgfcoreobjects.code.tex 2023-01-15 v3.1.10 (3.1.10)
)
(/usr/local/texlive/2025/texmf-dist/tex/generic/pgf/basiclayer/pgfcorepathproce
ssing.code.tex
File: pgfcorepathprocessing.code.tex 2023-01-15 v3.1.10 (3.1.10)
)
(/usr/local/texlive/2025/texmf-dist/tex/generic/pgf/basiclayer/pgfcorearrows.co
de.tex
File: pgfcorearrows.code.tex 2023-01-15 v3.1.10 (3.1.10)
\pgfarrowsep=\dimen271
)
(/usr/local/texlive/2025/texmf-dist/tex/generic/pgf/basiclayer/pgfcoreshade.cod
e.tex
File: pgfcoreshade.code.tex 2023-01-15 v3.1.10 (3.1.10)
\pgf@max=\dimen272
\pgf@sys@shading@range@num=\count330
\pgf@shadingcount=\count331
)
(/usr/local/texlive/2025/texmf-dist/tex/generic/pgf/basiclayer/pgfcoreimage.cod
e.tex
File: pgfcoreimage.code.tex 2023-01-15 v3.1.10 (3.1.10)
)
(/usr/local/texlive/2025/texmf-dist/tex/generic/pgf/basiclayer/pgfcoreexternal.
code.tex
File: pgfcoreexternal.code.tex 2023-01-15 v3.1.10 (3.1.10)
\pgfexternal@startupbox=\box66
)
(/usr/local/texlive/2025/texmf-dist/tex/generic/pgf/basiclayer/pgfcorelayers.co
de.tex
File: pgfcorelayers.code.tex 2023-01-15 v3.1.10 (3.1.10)
)
(/usr/local/texlive/2025/texmf-dist/tex/generic/pgf/basiclayer/pgfcoretranspare
ncy.code.tex
File: pgfcoretransparency.code.tex 2023-01-15 v3.1.10 (3.1.10)
)
(/usr/local/texlive/2025/texmf-dist/tex/generic/pgf/basiclayer/pgfcorepatterns.
code.tex
File: pgfcorepatterns.code.tex 2023-01-15 v3.1.10 (3.1.10)
)
(/usr/local/texlive/2025/texmf-dist/tex/generic/pgf/basiclayer/pgfcorerdf.code.
tex
File: pgfcorerdf.code.tex 2023-01-15 v3.1.10 (3.1.10)
)))
(/usr/local/texlive/2025/texmf-dist/tex/generic/pgf/modules/pgfmoduleshapes.cod
e.tex
File: pgfmoduleshapes.code.tex 2023-01-15 v3.1.10 (3.1.10)
\pgfnodeparttextbox=\box67
)
(/usr/local/texlive/2025/texmf-dist/tex/generic/pgf/modules/pgfmoduleplot.code.
tex
File: pgfmoduleplot.code.tex 2023-01-15 v3.1.10 (3.1.10)
)
(/usr/local/texlive/2025/texmf-dist/tex/latex/pgf/compatibility/pgfcomp-version
-0-65.sty
Package: pgfcomp-version-0-65 2023-01-15 v3.1.10 (3.1.10)
\pgf@nodesepstart=\dimen273
\pgf@nodesepend=\dimen274
)
(/usr/local/texlive/2025/texmf-dist/tex/latex/pgf/compatibility/pgfcomp-version
-1-18.sty
Package: pgfcomp-version-1-18 2023-01-15 v3.1.10 (3.1.10)
))
(/usr/local/texlive/2025/texmf-dist/tex/latex/pgf/utilities/pgffor.sty
(/usr/local/texlive/2025/texmf-dist/tex/latex/pgf/utilities/pgfkeys.sty
(/usr/local/texlive/2025/texmf-dist/tex/generic/pgf/utilities/pgfkeys.code.tex)
) (/usr/local/texlive/2025/texmf-dist/tex/latex/pgf/math/pgfmath.sty
(/usr/local/texlive/2025/texmf-dist/tex/generic/pgf/math/pgfmath.code.tex))
(/usr/local/texlive/2025/texmf-dist/tex/generic/pgf/utilities/pgffor.code.tex
Package: pgffor 2023-01-15 v3.1.10 (3.1.10)
\pgffor@iter=\dimen275
\pgffor@skip=\dimen276
\pgffor@stack=\toks34
\pgffor@toks=\toks35
))
(/usr/local/texlive/2025/texmf-dist/tex/generic/pgf/frontendlayer/tikz/tikz.cod
e.tex
Package: tikz 2023-01-15 v3.1.10 (3.1.10)

(/usr/local/texlive/2025/texmf-dist/tex/generic/pgf/libraries/pgflibraryplothan
dlers.code.tex
File: pgflibraryplothandlers.code.tex 2023-01-15 v3.1.10 (3.1.10)
\pgf@plot@mark@count=\count332
\pgfplotmarksize=\dimen277
)
\tikz@lastx=\dimen278
\tikz@lasty=\dimen279
\tikz@lastxsaved=\dimen280
\tikz@lastysaved=\dimen281
\tikz@lastmovetox=\dimen282
\tikz@lastmovetoy=\dimen283
\tikzleveldistance=\dimen284
\tikzsiblingdistance=\dimen285
\tikz@figbox=\box68
\tikz@figbox@bg=\box69
\tikz@tempbox=\box70
\tikz@tempbox@bg=\box71
\tikztreelevel=\count333
\tikznumberofchildren=\count334
\tikznumberofcurrentchild=\count335
\tikz@fig@count=\count336

(/usr/local/texlive/2025/texmf-dist/tex/generic/pgf/modules/pgfmodulematrix.cod
e.tex
File: pgfmodulematrix.code.tex 2023-01-15 v3.1.10 (3.1.10)
\pgfmatrixcurrentrow=\count337
\pgfmatrixcurrentcolumn=\count338
\pgf@matrix@numberofcolumns=\count339
)
\tikz@expandcount=\count340

(/usr/local/texlive/2025/texmf-dist/tex/generic/pgf/frontendlayer/tikz/librarie
s/tikzlibrarytopaths.code.tex
File: tikzlibrarytopaths.code.tex 2023-01-15 v3.1.10 (3.1.10)
)))
(/usr/local/texlive/2025/texmf-dist/tex/latex/mdframed/md-frame-1.mdf
File: md-frame-1.mdf 2013/07/01\ 1.9b: md-frame-1
)
\mdf@frametitlebox=\box72
\mdf@footnotebox=\box73
\mdf@splitbox@one=\box74
\mdf@splitbox@two=\box75
\mdf@splitbox@save=\box76
\mdfsplitboxwidth=\skip97
\mdfsplitboxtotalwidth=\skip98
\mdfsplitboxheight=\skip99
\mdfsplitboxdepth=\skip100
\mdfsplitboxtotalheight=\skip101
\mdfframetitleboxwidth=\skip102
\mdfframetitleboxtotalwidth=\skip103
\mdfframetitleboxheight=\skip104
\mdfframetitleboxdepth=\skip105
\mdfframetitleboxtotalheight=\skip106
\mdffootnoteboxwidth=\skip107
\mdffootnoteboxtotalwidth=\skip108
\mdffootnoteboxheight=\skip109
\mdffootnoteboxdepth=\skip110
\mdffootnoteboxtotalheight=\skip111
\mdftotallinewidth=\skip112
\mdfboundingboxwidth=\skip113
\mdfboundingboxtotalwidth=\skip114
\mdfboundingboxheight=\skip115
\mdfboundingboxdepth=\skip116
\mdfboundingboxtotalheight=\skip117
\mdf@freevspace@length=\skip118
\mdf@horizontalwidthofbox@length=\skip119
\mdf@verticalmarginwhole@length=\skip120
\mdf@horizontalspaceofbox=\skip121
\mdfsubtitleheight=\skip122
\mdfsubsubtitleheight=\skip123
\c@mdfcountframes=\count341

****** mdframed patching \endmdf@trivlist

****** -- success******

\mdf@envdepth=\count342
\c@mdf@env@i=\count343
\c@mdf@env@ii=\count344
\c@mdf@zref@counter=\count345
Package zref Info: New property: mdf@pagevalue on input line 895.
)
   defining Unicode char U+2500 (decimal 9472)
   defining Unicode char U+2501 (decimal 9473)
   defining Unicode char U+2502 (decimal 9474)
   defining Unicode char U+2503 (decimal 9475)
   defining Unicode char U+250F (decimal 9487)
   defining Unicode char U+2513 (decimal 9491)
   defining Unicode char U+2514 (decimal 9492)
   defining Unicode char U+2518 (decimal 9496)
   defining Unicode char U+251C (decimal 9500)
   defining Unicode char U+2524 (decimal 9508)
   defining Unicode char U+2521 (decimal 9505)
   defining Unicode char U+2529 (decimal 9513)
   defining Unicode char U+2533 (decimal 9523)
   defining Unicode char U+2534 (decimal 9524)
   defining Unicode char U+253C (decimal 9532)
   defining Unicode char U+2547 (decimal 9543)

(/usr/local/texlive/2025/texmf-dist/tex/latex/amsmath/amsmath.sty
Package: amsmath 2024/11/05 v2.17t AMS math features
\@mathmargin=\skip124

For additional information on amsmath, use the `?' option.
(/usr/local/texlive/2025/texmf-dist/tex/latex/amsmath/amstext.sty
Package: amstext 2021/08/26 v2.01 AMS text

(/usr/local/texlive/2025/texmf-dist/tex/latex/amsmath/amsgen.sty
File: amsgen.sty 1999/11/30 v2.0 generic functions
\@emptytoks=\toks36
\ex@=\dimen286
))
(/usr/local/texlive/2025/texmf-dist/tex/latex/amsmath/amsbsy.sty
Package: amsbsy 1999/11/29 v1.2d Bold Symbols
\pmbraise@=\dimen287
)
(/usr/local/texlive/2025/texmf-dist/tex/latex/amsmath/amsopn.sty
Package: amsopn 2022/04/08 v2.04 operator names
)
\inf@bad=\count346
LaTeX Info: Redefining \frac on input line 233.
\uproot@=\count347
\leftroot@=\count348
LaTeX Info: Redefining \overline on input line 398.
LaTeX Info: Redefining \colon on input line 409.
\classnum@=\count349
\DOTSCASE@=\count350
LaTeX Info: Redefining \ldots on input line 495.
LaTeX Info: Redefining \dots on input line 498.
LaTeX Info: Redefining \cdots on input line 619.
\Mathstrutbox@=\box77
\strutbox@=\box78
LaTeX Info: Redefining \big on input line 721.
LaTeX Info: Redefining \Big on input line 722.
LaTeX Info: Redefining \bigg on input line 723.
LaTeX Info: Redefining \Bigg on input line 724.
\big@size=\dimen288
LaTeX Font Info:    Redeclaring font encoding OML on input line 742.
LaTeX Font Info:    Redeclaring font encoding OMS on input line 743.
\macc@depth=\count351
LaTeX Info: Redefining \bmod on input line 904.
LaTeX Info: Redefining \pmod on input line 909.
LaTeX Info: Redefining \smash on input line 939.
LaTeX Info: Redefining \relbar on input line 969.
LaTeX Info: Redefining \Relbar on input line 970.
\c@MaxMatrixCols=\count352
\dotsspace@=\muskip18
\c@parentequation=\count353
\dspbrk@lvl=\count354
\tag@help=\toks37
\row@=\count355
\column@=\count356
\maxfields@=\count357
\andhelp@=\toks38
\eqnshift@=\dimen289
\alignsep@=\dimen290
\tagshift@=\dimen291
\tagwidth@=\dimen292
\totwidth@=\dimen293
\lineht@=\dimen294
\@envbody=\toks39
\multlinegap=\skip125
\multlinetaggap=\skip126
\mathdisplay@stack=\toks40
LaTeX Info: Redefining \[ on input line 2953.
LaTeX Info: Redefining \] on input line 2954.
)
\@LN@amsmath@ams@eqpen=\count358

(/usr/local/texlive/2025/texmf-dist/tex/latex/booktabs/booktabs.sty
Package: booktabs 2020/01/12 v1.61803398 Publication quality tables
\heavyrulewidth=\dimen295
\lightrulewidth=\dimen296
\cmidrulewidth=\dimen297
\belowrulesep=\dimen298
\belowbottomsep=\dimen299
\aboverulesep=\dimen300
\abovetopsep=\dimen301
\cmidrulesep=\dimen302
\cmidrulekern=\dimen303
\defaultaddspace=\dimen304
\@cmidla=\count359
\@cmidlb=\count360
\@aboverulesep=\dimen305
\@belowrulesep=\dimen306
\@thisruleclass=\count361
\@lastruleclass=\count362
\@thisrulewidth=\dimen307
)
\mlfiRuleCount=\count363
Package hyperref Info: Option `colorlinks' set `true' on input line 192.

(/usr/local/texlive/2025/texmf-dist/tex/latex/adjustbox/adjustbox.sty
Package: adjustbox 2025/02/26 v1.3c Adjusting TeX boxes (trim, clip, ...)

(/usr/local/texlive/2025/texmf-dist/tex/latex/xkeyval/xkeyval.sty
Package: xkeyval 2022/06/16 v2.9 package option processing (HA)

(/usr/local/texlive/2025/texmf-dist/tex/generic/xkeyval/xkeyval.tex
(/usr/local/texlive/2025/texmf-dist/tex/generic/xkeyval/xkvutils.tex
\XKV@toks=\toks41
\XKV@tempa@toks=\toks42
)
\XKV@depth=\count364
File: xkeyval.tex 2014/12/03 v2.7a key=value parser (HA)
))
(/usr/local/texlive/2025/texmf-dist/tex/latex/adjustbox/adjcalc.sty
Package: adjcalc 2012/05/16 v1.1 Provides advanced setlength with multiple back
-ends (calc, etex, pgfmath)
)
(/usr/local/texlive/2025/texmf-dist/tex/latex/adjustbox/trimclip.sty
Package: trimclip 2025/02/21 v1.2a Trim and clip general TeX material

(/usr/local/texlive/2025/texmf-dist/tex/latex/collectbox/collectbox.sty
Package: collectbox 2022/10/17 v0.4c Collect macro arguments as boxes
\collectedbox=\box79
)
\tc@llx=\dimen308
\tc@lly=\dimen309
\tc@urx=\dimen310
\tc@ury=\dimen311
Package trimclip Info: Using driver 'tc-pdftex.def'.

(/usr/local/texlive/2025/texmf-dist/tex/latex/adjustbox/tc-pdftex.def
File: tc-pdftex.def 2025/02/26 v2.3 Clipping driver for pdftex
))
\adjbox@Width=\dimen312
\adjbox@Height=\dimen313
\adjbox@Depth=\dimen314
\adjbox@Totalheight=\dimen315
\adjbox@pwidth=\dimen316
\adjbox@pheight=\dimen317
\adjbox@pdepth=\dimen318
\adjbox@ptotalheight=\dimen319

(/usr/local/texlive/2025/texmf-dist/tex/latex/ifoddpage/ifoddpage.sty
Package: ifoddpage 2022/10/18 v1.2 Conditionals for odd/even page detection
\c@checkoddpage=\count365
LaTeX Info: Redefining \checkoddpage on input line 45.
)
(/usr/local/texlive/2025/texmf-dist/tex/latex/varwidth/varwidth.sty
Package: varwidth 2009/03/30 ver 0.92;  Variable-width minipages
\@vwid@box=\box80
\sift@deathcycles=\count366
\@vwid@loff=\dimen320
\@vwid@roff=\dimen321
))
LaTeX Font Info:    Trying to load font information for T1+lmr on input line 24
1.

(/usr/local/texlive/2025/texmf-dist/tex/latex/lm/t1lmr.fd
File: t1lmr.fd 2015/05/01 v1.6.1 Font defs for Latin Modern
) (./myst.aux
(./myst-index.aux) (./myst-chap-01-notations.aux)
(./myst-chap-02-introduction.aux) (./myst-chap-03-asset-pricing.aux)
(./myst-chap-04-predictability.aux) (./myst-chap-05-data-processing.aux)
(./myst-chap-06-lasso.aux) (./myst-chap-07-trees.aux)
(./myst-chap-08-neural-networks.aux) (./myst-chap-09-gnn.aux)
(./myst-chap-10-support-vector.aux) (./myst-chap-11-bayes.aux)
(./myst-chap-12-genetic-algorithms.aux) (./myst-chap-13-validating-tuning.aux)
(./myst-chap-14-ensemble.aux) (./myst-chap-15-portfolio-backtesting.aux)
(./myst-chap-16-uncertainty.aux) (./myst-chap-17-design-uncertainty.aux)
(./myst-chap-18-complexity.aux) (./myst-chap-19-interpretability.aux)
(./myst-chap-20-causality.aux) (./myst-chap-21-unsupervised.aux)
(./myst-chap-22-reinforcement-learning.aux) (./myst-chap-23-nlp-classic.aux)
(./myst-chap-24-nlp-embeddings.aux) (./myst-chap-25-nlp-transformers.aux)
(./myst-chap-26-nlp-llms.aux) (./myst-chap-27-nlp-case-study.aux)
(./myst-bibliography.aux))
\openout1 = `myst.aux'.

LaTeX Font Info:    Checking defaults for OML/cmm/m/it on input line 241.
LaTeX Font Info:    ... okay on input line 241.
LaTeX Font Info:    Checking defaults for OMS/cmsy/m/n on input line 241.
LaTeX Font Info:    ... okay on input line 241.
LaTeX Font Info:    Checking defaults for OT1/cmr/m/n on input line 241.
LaTeX Font Info:    ... okay on input line 241.
LaTeX Font Info:    Checking defaults for T1/cmr/m/n on input line 241.
LaTeX Font Info:    ... okay on input line 241.
LaTeX Font Info:    Checking defaults for TS1/cmr/m/n on input line 241.
LaTeX Font Info:    ... okay on input line 241.
LaTeX Font Info:    Checking defaults for OMX/cmex/m/n on input line 241.
LaTeX Font Info:    ... okay on input line 241.
LaTeX Font Info:    Checking defaults for U/cmr/m/n on input line 241.
LaTeX Font Info:    ... okay on input line 241.
LaTeX Font Info:    Checking defaults for PD1/pdf/m/n on input line 241.
LaTeX Font Info:    ... okay on input line 241.
LaTeX Font Info:    Checking defaults for PU/pdf/m/n on input line 241.
LaTeX Font Info:    ... okay on input line 241.

*geometry* driver: auto-detecting
*geometry* detected driver: pdftex
*geometry* verbose mode - [ preamble ] result:
* driver: pdftex
* paper: a4paper
* layout: <same size as paper>
* layoutoffset:(h,v)=(0.0pt,0.0pt)
* modes: 
* h-part:(L,W,R)=(56.9055pt, 483.69687pt, 56.9055pt)
* v-part:(T,H,B)=(56.9055pt, 731.23584pt, 56.9055pt)
* \paperwidth=597.50787pt
* \paperheight=845.04684pt
* \textwidth=483.69687pt
* \textheight=731.23584pt
* \oddsidemargin=-15.36449pt
* \evensidemargin=-15.36449pt
* \topmargin=-47.23828pt
* \headheight=12.0pt
* \headsep=19.8738pt
* \topskip=11.0pt
* \footskip=27.46295pt
* \marginparwidth=53.0pt
* \marginparsep=7.0pt
* \columnsep=10.0pt
* \skip\footins=10.0pt plus 4.0pt minus 2.0pt
* \hoffset=0.0pt
* \voffset=0.0pt
* \mag=1000
* \@twocolumnfalse
* \@twosidefalse
* \@mparswitchfalse
* \@reversemarginfalse
* (1in=72.27pt=25.4mm, 1cm=28.453pt)

(/usr/local/texlive/2025/texmf-dist/tex/context/base/mkii/supp-pdf.mkii
[Loading MPS to PDF converter (version 2006.09.02).]
\scratchcounter=\count367
\scratchdimen=\dimen322
\scratchbox=\box81
\nofMPsegments=\count368
\nofMParguments=\count369
\everyMPshowfont=\toks43
\MPscratchCnt=\count370
\MPscratchDim=\dimen323
\MPnumerator=\count371
\makeMPintoPDFobject=\count372
\everyMPtoPDFconversion=\toks44
) (/usr/local/texlive/2025/texmf-dist/tex/latex/epstopdf-pkg/epstopdf-base.sty
Package: epstopdf-base 2020-01-24 v2.11 Base part for package epstopdf
Package epstopdf-base Info: Redefining graphics rule for `.eps' on input line 4
85.

(/usr/local/texlive/2025/texmf-dist/tex/latex/latexconfig/epstopdf-sys.cfg
File: epstopdf-sys.cfg 2010/07/13 v1.3 Configuration of (r)epstopdf for TeX Liv
e
))
Package caption Info: Begin \AtBeginDocument code.
Package caption Info: changepage package is loaded.
\caption@adjustwidth@hsize=\dimen324
\caption@adjustwidth@linewidth=\dimen325
Package caption Info: hyperref package is loaded.
Package caption Info: End \AtBeginDocument code.
Package hyperref Info: Link coloring ON on input line 241.

(./myst.out) (./myst.out)
\@outlinefile=\write5
\openout5 = `myst.out'.

LaTeX Font Info:    Trying to load font information for OT1+lmr on input line 2
46.

(/usr/local/texlive/2025/texmf-dist/tex/latex/lm/ot1lmr.fd
File: ot1lmr.fd 2015/05/01 v1.6.1 Font defs for Latin Modern
)
LaTeX Font Info:    Trying to load font information for OML+lmm on input line 2
46.

(/usr/local/texlive/2025/texmf-dist/tex/latex/lm/omllmm.fd
File: omllmm.fd 2015/05/01 v1.6.1 Font defs for Latin Modern
)
LaTeX Font Info:    Trying to load font information for OMS+lmsy on input line 
246.

(/usr/local/texlive/2025/texmf-dist/tex/latex/lm/omslmsy.fd
File: omslmsy.fd 2015/05/01 v1.6.1 Font defs for Latin Modern
)
LaTeX Font Info:    Trying to load font information for OMX+lmex on input line 
246.

(/usr/local/texlive/2025/texmf-dist/tex/latex/lm/omxlmex.fd
File: omxlmex.fd 2015/05/01 v1.6.1 Font defs for Latin Modern
)
LaTeX Font Info:    External font `lmex10' loaded for size
(Font)              <12> on input line 246.
LaTeX Font Info:    External font `lmex10' loaded for size
(Font)              <8> on input line 246.
LaTeX Font Info:    External font `lmex10' loaded for size
(Font)              <6> on input line 246.
LaTeX Font Info:    Trying to load font information for U+msa on input line 246
.

(/usr/local/texlive/2025/texmf-dist/tex/latex/amsfonts/umsa.fd
File: umsa.fd 2013/01/14 v3.01 AMS symbols A
)
LaTeX Font Info:    Trying to load font information for U+msb on input line 246
.

(/usr/local/texlive/2025/texmf-dist/tex/latex/amsfonts/umsb.fd
File: umsb.fd 2013/01/14 v3.01 AMS symbols B
)

[1



{/usr/local/texlive/2025/texmf-var/fonts/map/pdftex/updmap/pdftex.map}{/usr/loc
al/texlive/2025/texmf-dist/fonts/enc/dvips/lm/lm-ec.enc}] (./myst.toc
LaTeX Font Info:    External font `lmex10' loaded for size
(Font)              <10.95> on input line 3.



pdfTeX warning (ext4): destination with the same identifier (name{page.i}) has 
been already used, duplicate ignored
<to be read again> 
                   \relax 
l.46 ...umberline {4.8}Exercises}{39}{section.4.8}
                                                  % [1

]

[2{/usr/local/texlive/2025/texmf-dist/fonts/enc/dvips/lm/lm-mathit.enc}{/usr/lo
cal/texlive/2025/texmf-dist/fonts/enc/dvips/lm/lm-rm.enc}]

[3]

[4]

[5]

[6]

[7]

[8]

[9])
\tf@toc=\write6
\openout6 = `myst.toc'.



[10]

[1


]
\openout2 = `myst-index.aux'.

 (./myst-index.tex
Chapter 1.
LaTeX Font Info:    Trying to load font information for TS1+lmr on input line 1
4.
(/usr/local/texlive/2025/texmf-dist/tex/latex/lm/ts1lmr.fd
File: ts1lmr.fd 2015/05/01 v1.6.1 Font defs for Latin Modern
)

[2


{/usr/local/texlive/2025/texmf-dist/fonts/enc/dvips/lm/lm-ts1.enc}]

[3]

[4])

[5]
\openout2 = `myst-chap-01-notations.aux'.

 (./myst-chap-01-notations.tex
Chapter 2.


[6




{/usr/local/texlive/2025/texmf-dist/fonts/enc/dvips/lm/lm-mathsy.enc}]
LaTeX Font Info:    Trying to load font information for T1+lmtt on input line 5
9.

(/usr/local/texlive/2025/texmf-dist/tex/latex/lm/t1lmtt.fd
File: t1lmtt.fd 2015/05/01 v1.6.1 Font defs for Latin Modern
)
LaTeX Font Info:    Trying to load font information for TS1+lmtt on input line 
61.

(/usr/local/texlive/2025/texmf-dist/tex/latex/lm/ts1lmtt.fd
File: ts1lmtt.fd 2015/05/01 v1.6.1 Font defs for Latin Modern
)
LaTeX Font Info:    External font `lmex10' loaded for size
(Font)              <9> on input line 62.
LaTeX Font Info:    External font `lmex10' loaded for size
(Font)              <5> on input line 62.

Overfull \hbox (23.1586pt too wide) in paragraph at lines 74--74
[]\T1/lmr/m/n/10.95 ADV_TradedLT| 
 []


Overfull \hbox (27.26523pt too wide) in paragraph at lines 74--74
[]\T1/lmr/m/n/10.95 ADV_TradedMT| 
 []


Overfull \hbox (23.31062pt too wide) in paragraph at lines 74--74
[]\T1/lmr/m/n/10.95 ADV_TradedST| 
 []


Underfull \hbox (badness 10000) in paragraph at lines 80--80
[]\T1/lmr/m/n/10.95 BYKM67-
 []


Overfull \hbox (0.50188pt too wide) in paragraph at lines 71--90
[] 
 []



[7{/usr/local/texlive/2025/texmf-dist/fonts/enc/dvips/lm/lm-mathex.enc}]
<files/6f8139a500c5d37e817276f15149f3db.png, id=2551, 614.295pt x 268.1217pt>
File: files/6f8139a500c5d37e817276f15149f3db.png Graphic file (type png)
<use files/6f8139a500c5d37e817276f15149f3db.png>
Package pdftex.def Info: files/6f8139a500c5d37e817276f15149f3db.png  used on in
put line 127.
(pdftex.def)             Requested size: 338.58632pt x 147.78241pt.

Overfull \hbox (17.0pt too wide) in paragraph at lines 127--128
[][] 
 []



[8 <./files/6f8139a500c5d37e817276f15149f3db.png>]
Package mdframed Info: Not enough space on this page on input line 137.
<files/ff5d1e41b539ab146eae15cf70c2a93c.png, id=2562, 419.166pt x 299.1978pt>
File: files/ff5d1e41b539ab146eae15cf70c2a93c.png Graphic file (type png)
<use files/ff5d1e41b539ab146eae15cf70c2a93c.png>
Package pdftex.def Info: files/ff5d1e41b539ab146eae15cf70c2a93c.png  used on in
put line 178.
(pdftex.def)             Requested size: 338.58632pt x 241.68233pt.

Overfull \hbox (17.0pt too wide) in paragraph at lines 178--179
[][] 
 []



[9 <./files/ff5d1e41b539ab146eae15cf70c2a93c.png>]
Package mdframed Info: Not enough space on this page on input line 197.

Overfull \hbox (0.98898pt too wide) in paragraph at lines 228--247
[] 
 []

)

[10]
\openout2 = `myst-chap-02-introduction.aux'.

 (./myst-chap-02-introduction.tex
Chapter 3.


[11




]
<files/scheme2_big-1e5ed17e728c0d450ddca5c5b6fa11ce.png, id=2598, 1660.2025pt x
 566.115pt>
File: files/scheme2_big-1e5ed17e728c0d450ddca5c5b6fa11ce.png Graphic file (type
 png)
<use files/scheme2_big-1e5ed17e728c0d450ddca5c5b6fa11ce.png>
Package pdftex.def Info: files/scheme2_big-1e5ed17e728c0d450ddca5c5b6fa11ce.png
  used on input line 45.
(pdftex.def)             Requested size: 338.58632pt x 115.44965pt.

Overfull \hbox (17.0pt too wide) in paragraph at lines 45--46
[][] 
 []



[12 <./files/scheme2_big-1e5ed17e728c0d450ddca5c5b6fa11ce.png>])

[13]
\openout2 = `myst-chap-03-asset-pricing.aux'.

 (./myst-chap-03-asset-pricing.tex
Chapter 4.


[14




]
<files/etf_aum_evolution-60736420a5e4cc0584bd995a7cfb32ea.pdf, id=2670, 857.769
01pt x 331.12897pt>
File: files/etf_aum_evolution-60736420a5e4cc0584bd995a7cfb32ea.pdf Graphic file
 (type pdf)
<use files/etf_aum_evolution-60736420a5e4cc0584bd995a7cfb32ea.pdf>
Package pdftex.def Info: files/etf_aum_evolution-60736420a5e4cc0584bd995a7cfb32
ea.pdf  used on input line 39.
(pdftex.def)             Requested size: 338.58632pt x 130.70609pt.


[15 <./files/etf_aum_evolution-60736420a5e4cc0584bd995a7cfb32ea.pdf>]

[16]
Package mdframed Info: mdframed inside float 
 mdframed uses option nobreak mdframed on input line 141.
Package mdframed Info: mdframed inside a box 
 mdframed uses option nobreak mdframed on input line 141.

Overfull \hbox (1.42165pt too wide) in paragraph at lines 159--159
[]\T1/lmr/m/n/10.95 MKT_RF| 
 []


Underfull \hbox (badness 10000) in paragraph at lines 159--159
[]\T1/lmr/m/n/10.95 1963-08-
 []


Underfull \hbox (badness 10000) in paragraph at lines 159--159
[]\T1/lmr/m/n/10.95 1963-09-
 []


Underfull \hbox (badness 10000) in paragraph at lines 159--159
[]\T1/lmr/m/n/10.95 1963-10-
 []


Underfull \hbox (badness 10000) in paragraph at lines 159--159
[]\T1/lmr/m/n/10.95 1963-11-
 []


Underfull \hbox (badness 10000) in paragraph at lines 159--159
[]\T1/lmr/m/n/10.95 1963-12-
 []


Overfull \hbox (1.42165pt too wide) in paragraph at lines 159--159
[]\T1/lmr/m/n/10.95 MKT_RF| 
 []


Underfull \hbox (badness 10000) in paragraph at lines 159--159
[]\T1/lmr/m/n/10.95 1963-08-
 []


Underfull \hbox (badness 10000) in paragraph at lines 159--159
[]\T1/lmr/m/n/10.95 1963-09-
 []


Underfull \hbox (badness 10000) in paragraph at lines 159--159
[]\T1/lmr/m/n/10.95 1963-10-
 []


Underfull \hbox (badness 10000) in paragraph at lines 159--159
[]\T1/lmr/m/n/10.95 1963-11-
 []


Underfull \hbox (badness 10000) in paragraph at lines 159--159
[]\T1/lmr/m/n/10.95 1963-12-
 []



[17]

[18]
Package mdframed Info: mdframed inside float 
 mdframed uses option nobreak mdframed on input line 213.
Package mdframed Info: mdframed inside a box 
 mdframed uses option nobreak mdframed on input line 213.
<files/a23234d5f4c4cb175bbe8bf2f89be511.pdf, id=3025, 859.12784pt x 352.27548pt
>
File: files/a23234d5f4c4cb175bbe8bf2f89be511.pdf Graphic file (type pdf)
<use files/a23234d5f4c4cb175bbe8bf2f89be511.pdf>
Package pdftex.def Info: files/a23234d5f4c4cb175bbe8bf2f89be511.pdf  used on in
put line 216.
(pdftex.def)             Requested size: 338.58632pt x 138.83282pt.
File: files/a23234d5f4c4cb175bbe8bf2f89be511.pdf Graphic file (type pdf)
<use files/a23234d5f4c4cb175bbe8bf2f89be511.pdf>
Package pdftex.def Info: files/a23234d5f4c4cb175bbe8bf2f89be511.pdf  used on in
put line 216.
(pdftex.def)             Requested size: 338.58632pt x 138.83282pt.


[19]

[20 <./files/a23234d5f4c4cb175bbe8bf2f89be511.pdf>]

[21]

[22]
Package mdframed Info: mdframed inside float 
 mdframed uses option nobreak mdframed on input line 314.
Package mdframed Info: mdframed inside a box 
 mdframed uses option nobreak mdframed on input line 314.
<files/48a05c076e107d524cdbc4ae811ead93.pdf, id=3273, 714.58784pt x 352.46368pt
>
File: files/48a05c076e107d524cdbc4ae811ead93.pdf Graphic file (type pdf)
<use files/48a05c076e107d524cdbc4ae811ead93.pdf>
Package pdftex.def Info: files/48a05c076e107d524cdbc4ae811ead93.pdf  used on in
put line 317.
(pdftex.def)             Requested size: 338.58632pt x 167.00786pt.
File: files/48a05c076e107d524cdbc4ae811ead93.pdf Graphic file (type pdf)
<use files/48a05c076e107d524cdbc4ae811ead93.pdf>
Package pdftex.def Info: files/48a05c076e107d524cdbc4ae811ead93.pdf  used on in
put line 317.
(pdftex.def)             Requested size: 338.58632pt x 167.00786pt.


[23]

[24 <./files/48a05c076e107d524cdbc4ae811ead93.pdf>]

[25]
Package mdframed Info: mdframed inside float 
 mdframed uses option nobreak mdframed on input line 442.
Package mdframed Info: mdframed inside a box 
 mdframed uses option nobreak mdframed on input line 442.

Overfull \hbox (0.50188pt too wide) in paragraph at lines 462--462
[][]| 
 []

Package mdframed Info: mdframed inside float 
 mdframed uses option nobreak mdframed on input line 489.
Package mdframed Info: mdframed inside a box 
 mdframed uses option nobreak mdframed on input line 489.

Overfull \hbox (0.50188pt too wide) in paragraph at lines 509--509
[][]| 
 []

Package mdframed Info: mdframed inside float 
 mdframed uses option nobreak mdframed on input line 533.
Package mdframed Info: mdframed inside a box 
 mdframed uses option nobreak mdframed on input line 533.
<files/46605f13fe30014eb492dc3ba50c9266.pdf, id=3366, 858.07999pt x 591.45093pt
>
File: files/46605f13fe30014eb492dc3ba50c9266.pdf Graphic file (type pdf)
<use files/46605f13fe30014eb492dc3ba50c9266.pdf>
Package pdftex.def Info: files/46605f13fe30014eb492dc3ba50c9266.pdf  used on in
put line 536.
(pdftex.def)             Requested size: 338.58632pt x 233.3814pt.
File: files/46605f13fe30014eb492dc3ba50c9266.pdf Graphic file (type pdf)
<use files/46605f13fe30014eb492dc3ba50c9266.pdf>
Package pdftex.def Info: files/46605f13fe30014eb492dc3ba50c9266.pdf  used on in
put line 536.
(pdftex.def)             Requested size: 338.58632pt x 233.3814pt.


[26]

[27]

[28 <./files/46605f13fe30014eb492dc3ba50c9266.pdf>]
Package mdframed Info: mdframed inside float 
 mdframed uses option nobreak mdframed on input line 596.
Package mdframed Info: mdframed inside a box 
 mdframed uses option nobreak mdframed on input line 596.

Underfull \hbox (badness 10000) in paragraph at lines 614--614
[]\T1/lmr/m/n/10.95 Dep.
 []


Overfull \hbox (1.42165pt too wide) in paragraph at lines 614--614
[]\T1/lmr/m/n/10.95 MKT_RF| 
 []


Overfull \hbox (1.42165pt too wide) in paragraph at lines 614--614
[]\T1/lmr/m/n/10.95 MKT_RF| 
 []


Underfull \hbox (badness 10000) in paragraph at lines 614--614
[]\T1/lmr/m/n/10.95 0.008
 []


Underfull \hbox (badness 10000) in paragraph at lines 614--614
[]\T1/lmr/m/n/10.95 0.292
 []


Underfull \hbox (badness 10000) in paragraph at lines 614--614
[]\T1/lmr/m/n/10.95 -0.257
 []


Underfull \hbox (badness 10000) in paragraph at lines 614--614
[]\T1/lmr/m/n/10.95 -0.856
 []


Underfull \hbox (badness 10000) in paragraph at lines 614--614
[]\T1/lmr/m/n/10.95 0.136
 []


Underfull \hbox (badness 10000) in paragraph at lines 614--614
[]\T1/lmr/m/n/10.95 -0.445
 []


Underfull \hbox (badness 10000) in paragraph at lines 614--614
[]\T1/lmr/m/n/10.95 0.179
 []


Underfull \hbox (badness 10000) in paragraph at lines 614--614
[]\T1/lmr/m/n/10.95 1.030
 []


Underfull \hbox (badness 10000) in paragraph at lines 614--614
[]\T1/lmr/m/n/10.95 0.004
 []


Underfull \hbox (badness 10000) in paragraph at lines 614--614
[]\T1/lmr/m/n/10.95 -0.066
 []


Underfull \hbox (badness 10000) in paragraph at lines 614--614
[]\T1/lmr/m/n/10.95 -0.247
 []


Underfull \hbox (badness 10000) in paragraph at lines 614--614
[]\T1/lmr/m/n/10.95 0.166
 []


Underfull \hbox (badness 10000) in paragraph at lines 614--614
[]\T1/lmr/m/n/10.95 -0.257
 []


Underfull \hbox (badness 10000) in paragraph at lines 614--614
[]\T1/lmr/m/n/10.95 0.002
 []


Underfull \hbox (badness 10000) in paragraph at lines 614--614
[]\T1/lmr/m/n/10.95 -0.105
 []


Underfull \hbox (badness 10000) in paragraph at lines 614--614
[]\T1/lmr/m/n/10.95 0.453
 []


Underfull \hbox (badness 10000) in paragraph at lines 614--614
[]\T1/lmr/m/n/10.95 -0.122
 []


Underfull \hbox (badness 10000) in paragraph at lines 614--614
[]\T1/lmr/m/n/10.95 Dep.
 []


Overfull \hbox (1.42165pt too wide) in paragraph at lines 614--614
[]\T1/lmr/m/n/10.95 MKT_RF| 
 []


Overfull \hbox (1.42165pt too wide) in paragraph at lines 614--614
[]\T1/lmr/m/n/10.95 MKT_RF| 
 []


Underfull \hbox (badness 10000) in paragraph at lines 614--614
[]\T1/lmr/m/n/10.95 0.008
 []


Underfull \hbox (badness 10000) in paragraph at lines 614--614
[]\T1/lmr/m/n/10.95 0.292
 []


Underfull \hbox (badness 10000) in paragraph at lines 614--614
[]\T1/lmr/m/n/10.95 -0.257
 []


Underfull \hbox (badness 10000) in paragraph at lines 614--614
[]\T1/lmr/m/n/10.95 -0.856
 []


Underfull \hbox (badness 10000) in paragraph at lines 614--614
[]\T1/lmr/m/n/10.95 0.136
 []


Underfull \hbox (badness 10000) in paragraph at lines 614--614
[]\T1/lmr/m/n/10.95 -0.445
 []


Underfull \hbox (badness 10000) in paragraph at lines 614--614
[]\T1/lmr/m/n/10.95 0.179
 []


Underfull \hbox (badness 10000) in paragraph at lines 614--614
[]\T1/lmr/m/n/10.95 1.030
 []


Underfull \hbox (badness 10000) in paragraph at lines 614--614
[]\T1/lmr/m/n/10.95 0.004
 []


Underfull \hbox (badness 10000) in paragraph at lines 614--614
[]\T1/lmr/m/n/10.95 -0.066
 []


Underfull \hbox (badness 10000) in paragraph at lines 614--614
[]\T1/lmr/m/n/10.95 -0.247
 []


Underfull \hbox (badness 10000) in paragraph at lines 614--614
[]\T1/lmr/m/n/10.95 0.166
 []


Underfull \hbox (badness 10000) in paragraph at lines 614--614
[]\T1/lmr/m/n/10.95 -0.257
 []


Underfull \hbox (badness 10000) in paragraph at lines 614--614
[]\T1/lmr/m/n/10.95 0.002
 []


Underfull \hbox (badness 10000) in paragraph at lines 614--614
[]\T1/lmr/m/n/10.95 -0.105
 []


Underfull \hbox (badness 10000) in paragraph at lines 614--614
[]\T1/lmr/m/n/10.95 0.453
 []


Underfull \hbox (badness 10000) in paragraph at lines 614--614
[]\T1/lmr/m/n/10.95 -0.122
 []



[29]

[30]

[31]

[32]
<files/e28136d561ef2a39181beb04a2e9f6bd.pdf, id=3649, 860.0356pt x 569.9437pt>
File: files/e28136d561ef2a39181beb04a2e9f6bd.pdf Graphic file (type pdf)
<use files/e28136d561ef2a39181beb04a2e9f6bd.pdf>
Package pdftex.def Info: files/e28136d561ef2a39181beb04a2e9f6bd.pdf  used on in
put line 707.
(pdftex.def)             Requested size: 338.58632pt x 224.37303pt.

Overfull \hbox (17.0pt too wide) in paragraph at lines 707--708
[][] 
 []



[33]

[34 <./files/e28136d561ef2a39181beb04a2e9f6bd.pdf>]

[35]

[36]

[37]

[38])

[39]
\openout2 = `myst-chap-04-predictability.aux'.

 (./myst-chap-04-predictability.tex
Chapter 5.

Package hyperref Warning: Token not allowed in a PDF string (Unicode):
(hyperref)                removing `math shift' on input line 15.


Package hyperref Warning: Token not allowed in a PDF string (Unicode):
(hyperref)                removing `superscript' on input line 15.


Package hyperref Warning: Token not allowed in a PDF string (Unicode):
(hyperref)                removing `math shift' on input line 15.



[40




]

[41]

[42]

[43]

[44]
Package mdframed Info: mdframed inside float 
 mdframed uses option nobreak mdframed on input line 222.
Package mdframed Info: mdframed inside a box 
 mdframed uses option nobreak mdframed on input line 222.
<files/aacae17f08c5853d36bc6047cc10ea6e.pdf, id=4092, 857.66534pt x 316.32867pt
>
File: files/aacae17f08c5853d36bc6047cc10ea6e.pdf Graphic file (type pdf)
<use files/aacae17f08c5853d36bc6047cc10ea6e.pdf>
Package pdftex.def Info: files/aacae17f08c5853d36bc6047cc10ea6e.pdf  used on in
put line 225.
(pdftex.def)             Requested size: 338.58632pt x 124.87846pt.
File: files/aacae17f08c5853d36bc6047cc10ea6e.pdf Graphic file (type pdf)
<use files/aacae17f08c5853d36bc6047cc10ea6e.pdf>
Package pdftex.def Info: files/aacae17f08c5853d36bc6047cc10ea6e.pdf  used on in
put line 225.
(pdftex.def)             Requested size: 338.58632pt x 124.87846pt.
Package mdframed Info: mdframed inside float 
 mdframed uses option nobreak mdframed on input line 270.
Package mdframed Info: mdframed inside a box 
 mdframed uses option nobreak mdframed on input line 270.
<files/da311d537f4f9e36398b56fb2b89c766.pdf, id=4096, 857.13284pt x 280.19368pt
>
File: files/da311d537f4f9e36398b56fb2b89c766.pdf Graphic file (type pdf)
<use files/da311d537f4f9e36398b56fb2b89c766.pdf>
Package pdftex.def Info: files/da311d537f4f9e36398b56fb2b89c766.pdf  used on in
put line 273.
(pdftex.def)             Requested size: 338.58632pt x 110.68169pt.
File: files/da311d537f4f9e36398b56fb2b89c766.pdf Graphic file (type pdf)
<use files/da311d537f4f9e36398b56fb2b89c766.pdf>
Package pdftex.def Info: files/da311d537f4f9e36398b56fb2b89c766.pdf  used on in
put line 273.
(pdftex.def)             Requested size: 338.58632pt x 110.68169pt.


[45]

[46 <./files/aacae17f08c5853d36bc6047cc10ea6e.pdf>]

[47 <./files/da311d537f4f9e36398b56fb2b89c766.pdf>]
Package mdframed Info: mdframed inside float 
 mdframed uses option nobreak mdframed on input line 381.
Package mdframed Info: mdframed inside a box 
 mdframed uses option nobreak mdframed on input line 381.
<files/675b62fe0bd6240813fad25d30074249.pdf, id=4192, 861.46024pt x 280.56142pt
>
File: files/675b62fe0bd6240813fad25d30074249.pdf Graphic file (type pdf)
<use files/675b62fe0bd6240813fad25d30074249.pdf>
Package pdftex.def Info: files/675b62fe0bd6240813fad25d30074249.pdf  used on in
put line 384.
(pdftex.def)             Requested size: 338.58632pt x 110.27043pt.
File: files/675b62fe0bd6240813fad25d30074249.pdf Graphic file (type pdf)
<use files/675b62fe0bd6240813fad25d30074249.pdf>
Package pdftex.def Info: files/675b62fe0bd6240813fad25d30074249.pdf  used on in
put line 384.
(pdftex.def)             Requested size: 338.58632pt x 110.27043pt.


[48]

[49 <./files/675b62fe0bd6240813fad25d30074249.pdf>]

Package hyperref Warning: Token not allowed in a PDF string (Unicode):
(hyperref)                removing `math shift' on input line 399.


Package hyperref Warning: Token not allowed in a PDF string (Unicode):
(hyperref)                removing `superscript' on input line 399.


Package hyperref Warning: Token not allowed in a PDF string (Unicode):
(hyperref)                removing `math shift' on input line 399.

Package mdframed Info: mdframed inside float 
 mdframed uses option nobreak mdframed on input line 445.
Package mdframed Info: mdframed inside a box 
 mdframed uses option nobreak mdframed on input line 445.
<files/cad258ae763d52f0ecb8558890043c37.pdf, id=4259, 857.21365pt x 280.19368pt
>
File: files/cad258ae763d52f0ecb8558890043c37.pdf Graphic file (type pdf)
<use files/cad258ae763d52f0ecb8558890043c37.pdf>
Package pdftex.def Info: files/cad258ae763d52f0ecb8558890043c37.pdf  used on in
put line 448.
(pdftex.def)             Requested size: 338.58632pt x 110.67314pt.
File: files/cad258ae763d52f0ecb8558890043c37.pdf Graphic file (type pdf)
<use files/cad258ae763d52f0ecb8558890043c37.pdf>
Package pdftex.def Info: files/cad258ae763d52f0ecb8558890043c37.pdf  used on in
put line 448.
(pdftex.def)             Requested size: 338.58632pt x 110.67314pt.


[50]

[51 <./files/cad258ae763d52f0ecb8558890043c37.pdf>]

[52]

[53])

[54]
\openout2 = `myst-chap-05-data-processing.aux'.

 (./myst-chap-05-data-processing.tex
Chapter 6.


[55




]
Underfull \hbox (badness 1546) in paragraph at lines 43--44
[]\T1/lmr/m/n/10.95 Below, in Fig-ure [][]6.1[][], we show a box plot that il-l
us-trates the dis-tri-bu-tion of cor-re-la-
 []

Package mdframed Info: mdframed inside float 
 mdframed uses option nobreak mdframed on input line 59.
Package mdframed Info: mdframed inside a box 
 mdframed uses option nobreak mdframed on input line 59.
<files/d5daafb94fec82ee7f1e41e06fa7a8ca.pdf, id=4381, 715.4962pt x 220.22476pt>

File: files/d5daafb94fec82ee7f1e41e06fa7a8ca.pdf Graphic file (type pdf)
<use files/d5daafb94fec82ee7f1e41e06fa7a8ca.pdf>
Package pdftex.def Info: files/d5daafb94fec82ee7f1e41e06fa7a8ca.pdf  used on in
put line 62.
(pdftex.def)             Requested size: 338.58632pt x 104.21803pt.
File: files/d5daafb94fec82ee7f1e41e06fa7a8ca.pdf Graphic file (type pdf)
<use files/d5daafb94fec82ee7f1e41e06fa7a8ca.pdf>
Package pdftex.def Info: files/d5daafb94fec82ee7f1e41e06fa7a8ca.pdf  used on in
put line 62.
(pdftex.def)             Requested size: 338.58632pt x 104.21803pt.
Package mdframed Info: mdframed inside float 
 mdframed uses option nobreak mdframed on input line 79.
Package mdframed Info: mdframed inside a box 
 mdframed uses option nobreak mdframed on input line 79.
<files/1566510201c4a673d3e9d73423f3a31e.pdf, id=4386, 714.5351pt x 409.49075pt>

File: files/1566510201c4a673d3e9d73423f3a31e.pdf Graphic file (type pdf)
<use files/1566510201c4a673d3e9d73423f3a31e.pdf>
Package pdftex.def Info: files/1566510201c4a673d3e9d73423f3a31e.pdf  used on in
put line 82.
(pdftex.def)             Requested size: 338.58632pt x 194.03525pt.
File: files/1566510201c4a673d3e9d73423f3a31e.pdf Graphic file (type pdf)
<use files/1566510201c4a673d3e9d73423f3a31e.pdf>
Package pdftex.def Info: files/1566510201c4a673d3e9d73423f3a31e.pdf  used on in
put line 82.
(pdftex.def)             Requested size: 338.58632pt x 194.03525pt.


[56 <./files/d5daafb94fec82ee7f1e41e06fa7a8ca.pdf>]
Package mdframed Info: mdframed inside float 
 mdframed uses option nobreak mdframed on input line 102.
Package mdframed Info: mdframed inside a box 
 mdframed uses option nobreak mdframed on input line 102.
<files/02df7013196e26b27ddca97860ee68ed.pdf, id=4446, 570.00575pt x 352.23721pt
>
File: files/02df7013196e26b27ddca97860ee68ed.pdf Graphic file (type pdf)
<use files/02df7013196e26b27ddca97860ee68ed.pdf>
Package pdftex.def Info: files/02df7013196e26b27ddca97860ee68ed.pdf  used on in
put line 105.
(pdftex.def)             Requested size: 338.58632pt x 209.23169pt.
File: files/02df7013196e26b27ddca97860ee68ed.pdf Graphic file (type pdf)
<use files/02df7013196e26b27ddca97860ee68ed.pdf>
Package pdftex.def Info: files/02df7013196e26b27ddca97860ee68ed.pdf  used on in
put line 105.
(pdftex.def)             Requested size: 338.58632pt x 209.23169pt.


[57 <./files/1566510201c4a673d3e9d73423f3a31e.pdf>]

[58 <./files/02df7013196e26b27ddca97860ee68ed.pdf>]

[59]

[60]

[61]

[62]

[63]
<files/triple_bar-d70a00c25f3a7a808961ace7962b05bc.pdf, id=4647, 801.49437pt x 
473.77pt>
File: files/triple_bar-d70a00c25f3a7a808961ace7962b05bc.pdf Graphic file (type 
pdf)
<use files/triple_bar-d70a00c25f3a7a808961ace7962b05bc.pdf>
Package pdftex.def Info: files/triple_bar-d70a00c25f3a7a808961ace7962b05bc.pdf 
 used on input line 381.
(pdftex.def)             Requested size: 338.58632pt x 200.14594pt.


[64 <./files/triple_bar-d70a00c25f3a7a808961ace7962b05bc.pdf>]

[65]

[66]

[67]
<files/4d85b92fbc83150f925401eab4742c67.pdf, id=4739, 714.4862pt x 280.02116pt>

File: files/4d85b92fbc83150f925401eab4742c67.pdf Graphic file (type pdf)
<use files/4d85b92fbc83150f925401eab4742c67.pdf>
Package pdftex.def Info: files/4d85b92fbc83150f925401eab4742c67.pdf  used on in
put line 515.
(pdftex.def)             Requested size: 338.58632pt x 132.69951pt.

Overfull \hbox (17.0pt too wide) in paragraph at lines 515--516
[][] 
 []



[68]
<files/5f75e2557a5913126d33577b88948f3e.pdf, id=4748, 720.25023pt x 568.3245pt>

File: files/5f75e2557a5913126d33577b88948f3e.pdf Graphic file (type pdf)
<use files/5f75e2557a5913126d33577b88948f3e.pdf>
Package pdftex.def Info: files/5f75e2557a5913126d33577b88948f3e.pdf  used on in
put line 548.
(pdftex.def)             Requested size: 338.58632pt x 267.17325pt.

Overfull \hbox (17.0pt too wide) in paragraph at lines 548--549
[][] 
 []



[69 <./files/4d85b92fbc83150f925401eab4742c67.pdf> <./files/5f75e2557a5913126d3
3577b88948f3e.pdf>]
<files/65b3e53e2f0475f1231ba188b8f10828.pdf, id=4817, 714.62044pt x 352.19078pt
>
File: files/65b3e53e2f0475f1231ba188b8f10828.pdf Graphic file (type pdf)
<use files/65b3e53e2f0475f1231ba188b8f10828.pdf>
Package pdftex.def Info: files/65b3e53e2f0475f1231ba188b8f10828.pdf  used on in
put line 567.
(pdftex.def)             Requested size: 338.58632pt x 166.87318pt.

Overfull \hbox (17.0pt too wide) in paragraph at lines 567--568
[][] 
 []


Overfull \hbox (0.50188pt too wide) in paragraph at lines 596--621
[] 
 []



[70 <./files/65b3e53e2f0475f1231ba188b8f10828.pdf>]
Package mdframed Info: Not enough space on this page on input line 677.


[71]
Package mdframed Info: Not enough space on this page on input line 677.


[72])

[73]

[74



]
\openout2 = `myst-chap-06-lasso.aux'.

 (./myst-chap-06-lasso.tex
Chapter 7.


[75


]


Overfull \hbox (92.20523pt too wide) has occurred while \output is active
\T1/lmr/m/sl/10.95 CHAPTER 7.  PENALIZED REGRESSIONS AND SPARSE HEDGING FOR MIN
IMUM VARIANCE PORTFOLIOS \T1/lmr/m/n/10.95 76
 []

[76]
<files/lassoridge-e1f18e925b7de28412a81fdeeb5c4766.pdf, id=4946, 364.2408pt x 1
82.1204pt>
File: files/lassoridge-e1f18e925b7de28412a81fdeeb5c4766.pdf Graphic file (type 
pdf)
<use files/lassoridge-e1f18e925b7de28412a81fdeeb5c4766.pdf>
Package pdftex.def Info: files/lassoridge-e1f18e925b7de28412a81fdeeb5c4766.pdf 
 used on input line 85.
(pdftex.def)             Requested size: 338.58632pt x 169.30074pt.



Overfull \hbox (92.20523pt too wide) has occurred while \output is active
\T1/lmr/m/sl/10.95 CHAPTER 7.  PENALIZED REGRESSIONS AND SPARSE HEDGING FOR MIN
IMUM VARIANCE PORTFOLIOS \T1/lmr/m/n/10.95 77
 []

[77 <./files/lassoridge-e1f18e925b7de28412a81fdeeb5c4766.pdf>]
Package mdframed Info: mdframed inside float 
 mdframed uses option nobreak mdframed on input line 162.
Package mdframed Info: mdframed inside a box 
 mdframed uses option nobreak mdframed on input line 162.
<files/f150ddf792902825185763e420f46789.pdf, id=5007, 706.71468pt x 414.12291pt
>
File: files/f150ddf792902825185763e420f46789.pdf Graphic file (type pdf)
<use files/f150ddf792902825185763e420f46789.pdf>
Package pdftex.def Info: files/f150ddf792902825185763e420f46789.pdf  used on in
put line 165.
(pdftex.def)             Requested size: 338.58632pt x 198.41023pt.
File: files/f150ddf792902825185763e420f46789.pdf Graphic file (type pdf)
<use files/f150ddf792902825185763e420f46789.pdf>
Package pdftex.def Info: files/f150ddf792902825185763e420f46789.pdf  used on in
put line 165.
(pdftex.def)             Requested size: 338.58632pt x 198.41023pt.
Package mdframed Info: mdframed inside float 
 mdframed uses option nobreak mdframed on input line 198.
Package mdframed Info: mdframed inside a box 
 mdframed uses option nobreak mdframed on input line 198.
<files/63d9aff4078196cba6bb154fcaef66e3.pdf, id=5008, 706.62431pt x 413.82562pt
>
File: files/63d9aff4078196cba6bb154fcaef66e3.pdf Graphic file (type pdf)
<use files/63d9aff4078196cba6bb154fcaef66e3.pdf>
Package pdftex.def Info: files/63d9aff4078196cba6bb154fcaef66e3.pdf  used on in
put line 201.
(pdftex.def)             Requested size: 338.58632pt x 198.29305pt.
File: files/63d9aff4078196cba6bb154fcaef66e3.pdf Graphic file (type pdf)
<use files/63d9aff4078196cba6bb154fcaef66e3.pdf>
Package pdftex.def Info: files/63d9aff4078196cba6bb154fcaef66e3.pdf  used on in
put line 201.
(pdftex.def)             Requested size: 338.58632pt x 198.29305pt.



Overfull \hbox (92.20523pt too wide) has occurred while \output is active
\T1/lmr/m/sl/10.95 CHAPTER 7.  PENALIZED REGRESSIONS AND SPARSE HEDGING FOR MIN
IMUM VARIANCE PORTFOLIOS \T1/lmr/m/n/10.95 78
 []

[78]


Overfull \hbox (92.20523pt too wide) has occurred while \output is active
\T1/lmr/m/sl/10.95 CHAPTER 7.  PENALIZED REGRESSIONS AND SPARSE HEDGING FOR MIN
IMUM VARIANCE PORTFOLIOS \T1/lmr/m/n/10.95 79
 []

[79 <./files/f150ddf792902825185763e420f46789.pdf>]


Overfull \hbox (92.20523pt too wide) has occurred while \output is active
\T1/lmr/m/sl/10.95 CHAPTER 7.  PENALIZED REGRESSIONS AND SPARSE HEDGING FOR MIN
IMUM VARIANCE PORTFOLIOS \T1/lmr/m/n/10.95 80
 []

[80 <./files/63d9aff4078196cba6bb154fcaef66e3.pdf>]
Underfull \hbox (badness 1755) in paragraph at lines 232--235
\T1/lmr/m/n/10.95 \left[\begin{array}{cc} (\sigma[]2 -\mathbf{c}`\mathbf{C}[]{-
1}\mathbf{c})[]{-1} & - (\sigma[]2 -
 []


Underfull \hbox (badness 10000) in paragraph at lines 237--238
[]\T1/lmr/m/n/10.95 (\sigma[]2 -\mathbf{c}`\mathbf{C}[]{-1}\mathbf{c})[]{-1}\ma
thbf{C}[]{-
 []


Underfull \hbox (badness 10000) in paragraph at lines 237--238
\T1/lmr/m/n/10.95 1}\mathbf{c}& \mathbf{C}[]{-1}+ (\sigma[]2 -\mathbf{c}'\mathb
f{C}[]{-
 []


Underfull \hbox (badness 10000) in paragraph at lines 237--238
\T1/lmr/m/n/10.95 1}\mathbf{c})[]{-1}\mathbf{C}[]{-1}\mathbf{cc}`\mathbf{C}[]{-
1}\end{array}
 []


Underfull \hbox (badness 10000) in paragraph at lines 237--238
\T1/lmr/m/n/10.95 \right].$$\OML/lmm/m/it/10.95 Weareinterestedinthefirstline; 
whichhas\OT1/lmr/m/n/10.95 2\OML/lmm/m/it/10.95 components \OT1/lmr/m/n/10.95 :
 \OML/lmm/m/it/10.95 thefactor$\T1/lmr/m/n/10.95 (\sigma[]2 -
 []


Underfull \hbox (badness 10000) in paragraph at lines 237--238
\T1/lmr/m/n/10.95 \mathbf{c}'\mathbf{C}[]{-1}\mathbf{c})[]{-1}$\OML/lmm/m/it/10
.95 andthelinevector$\T1/lmr/m/n/10.95 \mathbf{c}'\mathbf{C}[]{-
 []


Overfull \hbox (305.99786pt too wide) in paragraph at lines 237--238
\T1/lmr/m/n/10.95 1}$\OML/lmm/m/it/10.95 :$\T1/lmr/m/n/10.95 \mathbf{C}$\OML/lm
m/m/it/10.95 isthecovariancematrixofassets$\T1/lmr/m/n/10.95 2$\OML/lmm/m/it/10
.95 to$\T1/lmr/m/n/10.95 N$\OML/lmm/m/it/10.95 and$\T1/lmr/m/n/10.95 \mathbf{c}
$\OML/lmm/m/it/10.95 isthecovariancebetweenthefirstassetandallotherassets:Thefi
rstlineof$\T1/lmr/m/n/10.95 \mathbf{\Sigma}[]{-
 []




Overfull \hbox (92.20523pt too wide) has occurred while \output is active
\T1/lmr/m/sl/10.95 CHAPTER 7.  PENALIZED REGRESSIONS AND SPARSE HEDGING FOR MIN
IMUM VARIANCE PORTFOLIOS \T1/lmr/m/n/10.95 81
 []

[81]

LaTeX Font Warning: Command \small invalid in math mode on input line 300.

LaTeX Font Info:    External font `lmex10' loaded for size
(Font)              <10> on input line 300.
LaTeX Font Info:    External font `lmex10' loaded for size
(Font)              <7> on input line 300.
LaTeX Font Info:    Calculating math sizes for size <> on input line 301.
LaTeX Font Info:    External font `lmex10' loaded for size
(Font)              <> on input line 301.
LaTeX Font Info:    External font `lmex10' loaded for size
(Font)              <0.7> on input line 301.
LaTeX Font Info:    External font `lmex10' loaded for size
(Font)              <0.5> on input line 301.



Overfull \hbox (92.20523pt too wide) has occurred while \output is active
\T1/lmr/m/sl/10.95 CHAPTER 7.  PENALIZED REGRESSIONS AND SPARSE HEDGING FOR MIN
IMUM VARIANCE PORTFOLIOS \T1/lmr/m/n/10.95 82
 []

[82]


Overfull \hbox (92.20523pt too wide) has occurred while \output is active
\T1/lmr/m/sl/10.95 CHAPTER 7.  PENALIZED REGRESSIONS AND SPARSE HEDGING FOR MIN
IMUM VARIANCE PORTFOLIOS \T1/lmr/m/n/10.95 83
 []

[83]


Overfull \hbox (92.20523pt too wide) has occurred while \output is active
\T1/lmr/m/sl/10.95 CHAPTER 7.  PENALIZED REGRESSIONS AND SPARSE HEDGING FOR MIN
IMUM VARIANCE PORTFOLIOS \T1/lmr/m/n/10.95 84
 []

[84]
Underfull \hbox (badness 3590) in paragraph at lines 414--415
[]\T1/lmr/m/n/10.95 These con-tri-bu-tions un-der-line the rel-e-vance of the o
ver-lap be-tween pre-dic-tive re-gres-
 []




Overfull \hbox (92.20523pt too wide) has occurred while \output is active
\T1/lmr/m/sl/10.95 CHAPTER 7.  PENALIZED REGRESSIONS AND SPARSE HEDGING FOR MIN
IMUM VARIANCE PORTFOLIOS \T1/lmr/m/n/10.95 85
 []

[85])


Overfull \hbox (92.20523pt too wide) has occurred while \output is active
\T1/lmr/m/sl/10.95 CHAPTER 7.  PENALIZED REGRESSIONS AND SPARSE HEDGING FOR MIN
IMUM VARIANCE PORTFOLIOS \T1/lmr/m/n/10.95 86
 []

[86]
\openout2 = `myst-chap-07-trees.aux'.

 (./myst-chap-07-trees.tex
Chapter 8.
<files/tree_scheme-647f9559483861e05198b4e2b3953caf.pdf, id=5258, 398.4486pt x 
129.36331pt>
File: files/tree_scheme-647f9559483861e05198b4e2b3953caf.pdf Graphic file (type
 pdf)
<use files/tree_scheme-647f9559483861e05198b4e2b3953caf.pdf>
Package pdftex.def Info: files/tree_scheme-647f9559483861e05198b4e2b3953caf.pdf
  used on input line 19.
(pdftex.def)             Requested size: 338.58632pt x 109.9297pt.


[87




 <./files/tree_scheme-647f9559483861e05198b4e2b3953caf.pdf>]

[88]

[89]

[90]
Package mdframed Info: mdframed inside float 
 mdframed uses option nobreak mdframed on input line 167.
Package mdframed Info: mdframed inside a box 
 mdframed uses option nobreak mdframed on input line 167.
<files/65ecccb28beed48f15d9b3bdc6c3be99.pdf, id=5309, 1438.17305pt x 715.47299p
t>
File: files/65ecccb28beed48f15d9b3bdc6c3be99.pdf Graphic file (type pdf)
<use files/65ecccb28beed48f15d9b3bdc6c3be99.pdf>
Package pdftex.def Info: files/65ecccb28beed48f15d9b3bdc6c3be99.pdf  used on in
put line 170.
(pdftex.def)             Requested size: 338.58632pt x 168.44185pt.
File: files/65ecccb28beed48f15d9b3bdc6c3be99.pdf Graphic file (type pdf)
<use files/65ecccb28beed48f15d9b3bdc6c3be99.pdf>
Package pdftex.def Info: files/65ecccb28beed48f15d9b3bdc6c3be99.pdf  used on in
put line 170.
(pdftex.def)             Requested size: 338.58632pt x 168.44185pt.


[91 <./files/65ecccb28beed48f15d9b3bdc6c3be99.pdf>]
Package mdframed Info: Not enough space on this page on input line 177.
Package mdframed Info: mdframed inside float 
 mdframed uses option nobreak mdframed on input line 205.
Package mdframed Info: mdframed inside a box 
 mdframed uses option nobreak mdframed on input line 205.
<files/427982a37bbda4b3d0508876d910456a.png, id=5352, 570.933pt x 426.393pt>
File: files/427982a37bbda4b3d0508876d910456a.png Graphic file (type png)
<use files/427982a37bbda4b3d0508876d910456a.png>
Package pdftex.def Info: files/427982a37bbda4b3d0508876d910456a.png  used on in
put line 208.
(pdftex.def)             Requested size: 338.58632pt x 252.87744pt.
File: files/427982a37bbda4b3d0508876d910456a.png Graphic file (type png)
<use files/427982a37bbda4b3d0508876d910456a.png>
Package pdftex.def Info: files/427982a37bbda4b3d0508876d910456a.png  used on in
put line 208.
(pdftex.def)             Requested size: 338.58632pt x 252.87744pt.
Package mdframed Info: Not enough space on this page on input line 243.


[92 <./files/427982a37bbda4b3d0508876d910456a.png>]
Package mdframed Info: Not enough space on this page on input line 243.


[93]
<files/tree_RF-7de0e11affee3e4d1f8cf3982d848f3d.pdf, id=5378, 398.4486pt x 113.
4639pt>
File: files/tree_RF-7de0e11affee3e4d1f8cf3982d848f3d.pdf Graphic file (type pdf
)
<use files/tree_RF-7de0e11affee3e4d1f8cf3982d848f3d.pdf>
Package pdftex.def Info: files/tree_RF-7de0e11affee3e4d1f8cf3982d848f3d.pdf  us
ed on input line 271.
(pdftex.def)             Requested size: 338.58632pt x 96.41878pt.


[94 <./files/tree_RF-7de0e11affee3e4d1f8cf3982d848f3d.pdf>]
Package mdframed Info: Not enough space on this page on input line 320.


[95]

[96]
Underfull \hbox (badness 3407) in paragraph at lines 452--452
[]$\OML/lmm/m/it/10.95 f[] \OT1/lmr/m/n/10.95 = [] []$\T1/lmr/m/n/10.95 ,with $
\OML/lmm/m/it/10.95 ^^O \OT1/lmr/m/n/10.95 =
 []


Underfull \hbox (badness 3407) in paragraph at lines 452--453
[]$\OML/lmm/m/it/10.95 f[] \OT1/lmr/m/n/10.95 = [] []$\T1/lmr/m/n/10.95 ,with $
\OML/lmm/m/it/10.95 ^^O \OT1/lmr/m/n/10.95 =
 []



[97]
Package mdframed Info: Not enough space on this page on input line 506.


[98]
Package mdframed Info: Not enough space on this page on input line 506.


Package hyperref Warning: Suppressing empty link on input line 546.



[99]
<files/tree_q-81952e984ffd8cf175f6d2e60bb2a1b3.pdf, id=5550, 398.4486pt x 209.5
8301pt>
File: files/tree_q-81952e984ffd8cf175f6d2e60bb2a1b3.pdf Graphic file (type pdf)

<use files/tree_q-81952e984ffd8cf175f6d2e60bb2a1b3.pdf>
Package pdftex.def Info: files/tree_q-81952e984ffd8cf175f6d2e60bb2a1b3.pdf  use
d on input line 550.
(pdftex.def)             Requested size: 338.58632pt x 178.09842pt.

Underfull \hbox (badness 10000) in paragraph at lines 570--571

 []



[100 <./files/tree_q-81952e984ffd8cf175f6d2e60bb2a1b3.pdf>]
pdfTeX warning (ext4): destination with the same identifier (name{equation.8.13
}) has been already used, duplicate ignored
<to be read again> 
                   \relax 
l.597 \begin{equation}
                      
pdfTeX warning (ext4): destination with the same identifier (name{equation.8.13
}) has been already used, duplicate ignored
<to be read again> 
                   \relax 
l.597 \begin{equation}
                      
pdfTeX warning (ext4): destination with the same identifier (name{equation.8.13
}) has been already used, duplicate ignored
<to be read again> 
                   \relax 
l.597 \begin{equation}
                      
pdfTeX warning (ext4): destination with the same identifier (name{equation.8.13
}) has been already used, duplicate ignored
<to be read again> 
                   \relax 
l.597 \begin{equation}
                      
<files/tree_monotonic-4c4da3f09ed6577bf4c2f28bb91ee8c3.pdf, id=5602, 284.74379p
t x 121.4136pt>
File: files/tree_monotonic-4c4da3f09ed6577bf4c2f28bb91ee8c3.pdf Graphic file (t
ype pdf)
<use files/tree_monotonic-4c4da3f09ed6577bf4c2f28bb91ee8c3.pdf>
Package pdftex.def Info: files/tree_monotonic-4c4da3f09ed6577bf4c2f28bb91ee8c3.
pdf  used on input line 628.
(pdftex.def)             Requested size: 338.58632pt x 144.38393pt.


[101]

[102 <./files/tree_monotonic-4c4da3f09ed6577bf4c2f28bb91ee8c3.pdf>]

[103]

[104]

[105])

[106]
\openout2 = `myst-chap-08-neural-networks.aux'.

 (./myst-chap-08-neural-networks.tex
Chapter 9.
<files/NN_percep_scheme-0f68ea3e26672006d3f08b7ad43f9b31.pdf, id=5695, 313.17pt
 x 158.7531pt>
File: files/NN_percep_scheme-0f68ea3e26672006d3f08b7ad43f9b31.pdf Graphic file 
(type pdf)
<use files/NN_percep_scheme-0f68ea3e26672006d3f08b7ad43f9b31.pdf>
Package pdftex.def Info: files/NN_percep_scheme-0f68ea3e26672006d3f08b7ad43f9b3
1.pdf  used on input line 22.
(pdftex.def)             Requested size: 338.58632pt x 171.64215pt.

Overfull \hbox (17.0pt too wide) in paragraph at lines 22--23
[][] 
 []



[107




]
<files/nn-a2dde54f7cb0c2b9c548a1323f3b25c8.pdf, id=5709, 227.6505pt x 191.7564p
t>
File: files/nn-a2dde54f7cb0c2b9c548a1323f3b25c8.pdf Graphic file (type pdf)
<use files/nn-a2dde54f7cb0c2b9c548a1323f3b25c8.pdf>
Package pdftex.def Info: files/nn-a2dde54f7cb0c2b9c548a1323f3b25c8.pdf  used on
 input line 32.
(pdftex.def)             Requested size: 338.58632pt x 285.23163pt.

Overfull \hbox (17.0pt too wide) in paragraph at lines 32--33
[][] 
 []

<files/NN_scheme-ac4550766019d6a831579fbda63be208.pdf, id=5710, 398.4486pt x 20
4.0423pt>
File: files/NN_scheme-ac4550766019d6a831579fbda63be208.pdf Graphic file (type p
df)
<use files/NN_scheme-ac4550766019d6a831579fbda63be208.pdf>
Package pdftex.def Info: files/NN_scheme-ac4550766019d6a831579fbda63be208.pdf  
used on input line 34.
(pdftex.def)             Requested size: 338.58632pt x 173.39005pt.

Overfull \hbox (17.0pt too wide) in paragraph at lines 34--35
[][] 
 []



[108 <./files/NN_percep_scheme-0f68ea3e26672006d3f08b7ad43f9b31.pdf> <./files/n
n-a2dde54f7cb0c2b9c548a1323f3b25c8.pdf>]
Underfull \hbox (badness 10000) in paragraph at lines 36--37

 []

<files/activation-ce4d0d01bdbe93148a34dd7831f38a1e.pdf, id=5744, 421.575pt x 25
0.9375pt>
File: files/activation-ce4d0d01bdbe93148a34dd7831f38a1e.pdf Graphic file (type 
pdf)
<use files/activation-ce4d0d01bdbe93148a34dd7831f38a1e.pdf>
Package pdftex.def Info: files/activation-ce4d0d01bdbe93148a34dd7831f38a1e.pdf 
 used on input line 43.
(pdftex.def)             Requested size: 338.58632pt x 201.54286pt.

Overfull \hbox (17.0pt too wide) in paragraph at lines 43--44
[][] 
 []



[109 <./files/NN_scheme-ac4550766019d6a831579fbda63be208.pdf> <./files/activati
on-ce4d0d01bdbe93148a34dd7831f38a1e.pdf>]
<files/Newton-f185a77ed7d0bde9f6bd8f5d61721a2f.pdf, id=5809, 313.17pt x 153.573
75pt>
File: files/Newton-f185a77ed7d0bde9f6bd8f5d61721a2f.pdf Graphic file (type pdf)

<use files/Newton-f185a77ed7d0bde9f6bd8f5d61721a2f.pdf>
Package pdftex.def Info: files/Newton-f185a77ed7d0bde9f6bd8f5d61721a2f.pdf  use
d on input line 66.
(pdftex.def)             Requested size: 338.58632pt x 166.04228pt.

Overfull \hbox (17.0pt too wide) in paragraph at lines 66--67
[][] 
 []

<files/backprop-910104d5ca67cadfed531a35130ca7bc.pdf, id=5810, 385.44pt x 154.1
7601pt>
File: files/backprop-910104d5ca67cadfed531a35130ca7bc.pdf Graphic file (type pd
f)
<use files/backprop-910104d5ca67cadfed531a35130ca7bc.pdf>
Package pdftex.def Info: files/backprop-910104d5ca67cadfed531a35130ca7bc.pdf  u
sed on input line 68.
(pdftex.def)             Requested size: 338.58632pt x 135.43297pt.

Overfull \hbox (17.0pt too wide) in paragraph at lines 68--69
[][] 
 []



[110 <./files/Newton-f185a77ed7d0bde9f6bd8f5d61721a2f.pdf> <./files/backprop-91
0104d5ca67cadfed531a35130ca7bc.pdf>]

[111]
<files/5929b3f3ca8e2c9e99c5ade01646d8a0.pdf, id=5894, 858.99104pt x 279.69962pt
>
File: files/5929b3f3ca8e2c9e99c5ade01646d8a0.pdf Graphic file (type pdf)
<use files/5929b3f3ca8e2c9e99c5ade01646d8a0.pdf>
Package pdftex.def Info: files/5929b3f3ca8e2c9e99c5ade01646d8a0.pdf  used on in
put line 212.
(pdftex.def)             Requested size: 338.58632pt x 110.24753pt.

Overfull \hbox (17.0pt too wide) in paragraph at lines 212--213
[][] 
 []

Package mdframed Info: Not enough space on this page on input line 237.


[112 <./files/5929b3f3ca8e2c9e99c5ade01646d8a0.pdf>]
Package mdframed Info: Not enough space on this page on input line 237.


[113]
<files/d5aca84fc56e33c0829d122e108a4aa2.pdf, id=5938, 859.0814pt x 279.96722pt>

File: files/d5aca84fc56e33c0829d122e108a4aa2.pdf Graphic file (type pdf)
<use files/d5aca84fc56e33c0829d122e108a4aa2.pdf>
Package pdftex.def Info: files/d5aca84fc56e33c0829d122e108a4aa2.pdf  used on in
put line 316.
(pdftex.def)             Requested size: 338.58632pt x 110.34447pt.

Overfull \hbox (17.0pt too wide) in paragraph at lines 316--317
[][] 
 []



[114 <./files/d5aca84fc56e33c0829d122e108a4aa2.pdf>]
<files/RN-949eb92349432c0d079d12ac88f01871.pdf, id=5980, 284.74379pt x 121.4136
pt>
File: files/RN-949eb92349432c0d079d12ac88f01871.pdf Graphic file (type pdf)
<use files/RN-949eb92349432c0d079d12ac88f01871.pdf>
Package pdftex.def Info: files/RN-949eb92349432c0d079d12ac88f01871.pdf  used on
 input line 375.
(pdftex.def)             Requested size: 338.58632pt x 144.38393pt.

Overfull \hbox (17.0pt too wide) in paragraph at lines 375--376
[][] 
 []



[115 <./files/RN-949eb92349432c0d079d12ac88f01871.pdf>]
<files/cnn_scheme-8eb3e854b25a4e59e943b02e8593c6c9.pdf, id=6010, 313.17pt x 156
.585pt>
File: files/cnn_scheme-8eb3e854b25a4e59e943b02e8593c6c9.pdf Graphic file (type 
pdf)
<use files/cnn_scheme-8eb3e854b25a4e59e943b02e8593c6c9.pdf>
Package pdftex.def Info: files/cnn_scheme-8eb3e854b25a4e59e943b02e8593c6c9.pdf 
 used on input line 471.
(pdftex.def)             Requested size: 338.58632pt x 169.29802pt.

Overfull \hbox (17.0pt too wide) in paragraph at lines 471--472
[][] 
 []



[116]
<files/cnn_pooling-05c87ceec9f840058ff626ad473215fa.pdf, id=6020, 313.17pt x 16
5.4983pt>
File: files/cnn_pooling-05c87ceec9f840058ff626ad473215fa.pdf Graphic file (type
 pdf)
<use files/cnn_pooling-05c87ceec9f840058ff626ad473215fa.pdf>
Package pdftex.def Info: files/cnn_pooling-05c87ceec9f840058ff626ad473215fa.pdf
  used on input line 473.
(pdftex.def)             Requested size: 338.58632pt x 178.93498pt.

Overfull \hbox (17.0pt too wide) in paragraph at lines 473--474
[][] 
 []



[117 <./files/cnn_scheme-8eb3e854b25a4e59e943b02e8593c6c9.pdf> <./files/cnn_poo
ling-05c87ceec9f840058ff626ad473215fa.pdf>]

[118]
Package mdframed Info: Not enough space on this page on input line 564.
)

[119]
\openout2 = `myst-chap-09-gnn.aux'.

 (./myst-chap-09-gnn.tex
Chapter 10.


[120




]

[121]

[122]

[123]

[124]

Package mdframed Warning: You got a bad break
(mdframed)                because the last box will be empty
(mdframed)                you have to change it manually
(mdframed)                by changing the text, the space
(mdframed)                or something else on input line 236.



[125]
<files/figure_9_1_depth-480aa7d0e1070b2514e7ee060a8c2b41.pdf, id=6224, 578.16pt
 x 303.534pt>
File: files/figure_9_1_depth-480aa7d0e1070b2514e7ee060a8c2b41.pdf Graphic file 
(type pdf)
<use files/figure_9_1_depth-480aa7d0e1070b2514e7ee060a8c2b41.pdf>
Package pdftex.def Info: files/figure_9_1_depth-480aa7d0e1070b2514e7ee060a8c2b4
1.pdf  used on input line 277.
(pdftex.def)             Requested size: 338.58632pt x 177.75424pt.


[126 <./files/figure_9_1_depth-480aa7d0e1070b2514e7ee060a8c2b41.pdf>]

[127]
Package mdframed Info: Box was splittet wrong
 starting loop to iterate the splitting point
(mdframed)              on input line 375.

Overfull \vbox (1.46411pt too high) detected at line 375
 []


Overfull \vbox (2.46411pt too high) detected at line 375
 []


Overfull \vbox (3.46411pt too high) detected at line 375
 []


Overfull \vbox (4.46411pt too high) detected at line 375
 []


Overfull \vbox (5.46411pt too high) detected at line 375
 []


Overfull \vbox (6.46411pt too high) detected at line 375
 []


Overfull \vbox (7.46411pt too high) detected at line 375
 []


Overfull \vbox (8.46411pt too high) detected at line 375
 []


Overfull \vbox (9.46411pt too high) detected at line 375
 []


Overfull \vbox (10.46411pt too high) detected at line 375
 []


Overfull \vbox (11.46411pt too high) detected at line 375
 []


Overfull \vbox (12.46411pt too high) detected at line 375
 []


Overfull \vbox (13.46411pt too high) detected at line 375
 []


Overfull \vbox (14.46411pt too high) detected at line 375
 []


Overfull \vbox (15.46411pt too high) detected at line 375
 []


Overfull \vbox (16.46411pt too high) detected at line 375
 []


Overfull \vbox (17.46411pt too high) detected at line 375
 []


Overfull \vbox (18.46411pt too high) detected at line 375
 []


Overfull \vbox (19.46411pt too high) detected at line 375
 []


Overfull \vbox (20.46411pt too high) detected at line 375
 []


Overfull \vbox (21.46411pt too high) detected at line 375
 []


Overfull \vbox (22.46411pt too high) detected at line 375
 []


Overfull \vbox (23.46411pt too high) detected at line 375
 []


Overfull \vbox (24.46411pt too high) detected at line 375
 []


Overfull \vbox (25.46411pt too high) detected at line 375
 []


Overfull \vbox (26.46411pt too high) detected at line 375
 []


Overfull \vbox (27.46411pt too high) detected at line 375
 []


Overfull \vbox (28.46411pt too high) detected at line 375
 []


Overfull \vbox (29.46411pt too high) detected at line 375
 []


Overfull \vbox (30.46411pt too high) detected at line 375
 []


Overfull \vbox (31.46411pt too high) detected at line 375
 []


Overfull \vbox (32.46411pt too high) detected at line 375
 []


Overfull \vbox (33.46411pt too high) detected at line 375
 []


Overfull \vbox (34.46411pt too high) detected at line 375
 []


Overfull \vbox (35.46411pt too high) detected at line 375
 []


Overfull \vbox (36.46411pt too high) detected at line 375
 []


Overfull \vbox (37.46411pt too high) detected at line 375
 []


Overfull \vbox (38.46411pt too high) detected at line 375
 []


Overfull \vbox (39.46411pt too high) detected at line 375
 []


Overfull \vbox (40.46411pt too high) detected at line 375
 []


Overfull \vbox (41.46411pt too high) detected at line 375
 []


Overfull \vbox (42.46411pt too high) detected at line 375
 []


Overfull \vbox (43.46411pt too high) detected at line 375
 []


Overfull \vbox (44.46411pt too high) detected at line 375
 []


Overfull \vbox (45.46411pt too high) detected at line 375
 []


Overfull \vbox (46.46411pt too high) detected at line 375
 []


Overfull \vbox (47.46411pt too high) detected at line 375
 []


Overfull \vbox (48.46411pt too high) detected at line 375
 []


Overfull \vbox (49.46411pt too high) detected at line 375
 []


Overfull \vbox (50.46411pt too high) detected at line 375
 []


Overfull \vbox (51.46411pt too high) detected at line 375
 []


Overfull \vbox (52.46411pt too high) detected at line 375
 []


Overfull \vbox (53.46411pt too high) detected at line 375
 []


Overfull \vbox (54.46411pt too high) detected at line 375
 []


Overfull \vbox (55.46411pt too high) detected at line 375
 []


Overfull \vbox (56.46411pt too high) detected at line 375
 []


Overfull \vbox (57.46411pt too high) detected at line 375
 []


Overfull \vbox (58.46411pt too high) detected at line 375
 []


Overfull \vbox (59.46411pt too high) detected at line 375
 []


Overfull \vbox (60.46411pt too high) detected at line 375
 []


Overfull \vbox (61.46411pt too high) detected at line 375
 []


Overfull \vbox (62.46411pt too high) detected at line 375
 []


Overfull \vbox (63.46411pt too high) detected at line 375
 []


Overfull \vbox (64.46411pt too high) detected at line 375
 []


Overfull \vbox (65.46411pt too high) detected at line 375
 []


Overfull \vbox (66.46411pt too high) detected at line 375
 []


Overfull \vbox (67.46411pt too high) detected at line 375
 []


Overfull \vbox (68.46411pt too high) detected at line 375
 []


Overfull \vbox (69.46411pt too high) detected at line 375
 []


Overfull \vbox (70.46411pt too high) detected at line 375
 []


Overfull \vbox (71.46411pt too high) detected at line 375
 []


Overfull \vbox (72.46411pt too high) detected at line 375
 []


Overfull \vbox (73.46411pt too high) detected at line 375
 []


Overfull \vbox (74.46411pt too high) detected at line 375
 []


Overfull \vbox (75.46411pt too high) detected at line 375
 []


Overfull \vbox (76.46411pt too high) detected at line 375
 []


Overfull \vbox (77.46411pt too high) detected at line 375
 []


Overfull \vbox (78.46411pt too high) detected at line 375
 []


Overfull \vbox (79.46411pt too high) detected at line 375
 []


Overfull \vbox (80.46411pt too high) detected at line 375
 []


Overfull \vbox (81.46411pt too high) detected at line 375
 []


Overfull \vbox (82.46411pt too high) detected at line 375
 []


Overfull \vbox (83.46411pt too high) detected at line 375
 []


Overfull \vbox (84.46411pt too high) detected at line 375
 []


Overfull \vbox (85.46411pt too high) detected at line 375
 []


Overfull \vbox (86.46411pt too high) detected at line 375
 []


Overfull \vbox (87.46411pt too high) detected at line 375
 []


Overfull \vbox (88.46411pt too high) detected at line 375
 []


Overfull \vbox (89.46411pt too high) detected at line 375
 []


Overfull \vbox (90.46411pt too high) detected at line 375
 []


Overfull \vbox (91.46411pt too high) detected at line 375
 []


Overfull \vbox (92.46411pt too high) detected at line 375
 []


Overfull \vbox (93.46411pt too high) detected at line 375
 []


Overfull \vbox (94.46411pt too high) detected at line 375
 []


Overfull \vbox (95.46411pt too high) detected at line 375
 []


Overfull \vbox (96.46411pt too high) detected at line 375
 []


Overfull \vbox (97.46411pt too high) detected at line 375
 []


Overfull \vbox (98.46411pt too high) detected at line 375
 []


Overfull \vbox (99.46411pt too high) detected at line 375
 []


Overfull \vbox (100.46411pt too high) detected at line 375
 []


Overfull \vbox (101.46411pt too high) detected at line 375
 []


Package mdframed Warning: correct box splittet fails
 It seems you are using a non splittable contents
(mdframed)                 on input line 375.

Package mdframed Info: You first box width is to small
 mdframed fixed it
(mdframed)              on input line 375.


[128]

[129]
Package mdframed Info: Not enough space on this page on input line 426.


[130]

[131]

[132]
Package mdframed Info: Not enough space on this page on input line 525.


[133]
Package mdframed Info: Not enough space on this page on input line 576.


[134]

[135]
<files/figure_9_2_cumulativ-c0f6718ad81f94f0d78598b5cb722190.pdf, id=6321, 722.
7pt x 289.08pt>
File: files/figure_9_2_cumulativ-c0f6718ad81f94f0d78598b5cb722190.pdf Graphic f
ile (type pdf)
<use files/figure_9_2_cumulativ-c0f6718ad81f94f0d78598b5cb722190.pdf>
Package pdftex.def Info: files/figure_9_2_cumulativ-c0f6718ad81f94f0d78598b5cb7
22190.pdf  used on input line 673.
(pdftex.def)             Requested size: 338.58632pt x 135.43533pt.


[136]
<files/figure_9_3_dispersio-fb54a2eb8780d0ddc05fe33f56526bf6.pdf, id=6327, 578.
16pt x 289.08pt>
File: files/figure_9_3_dispersio-fb54a2eb8780d0ddc05fe33f56526bf6.pdf Graphic f
ile (type pdf)
<use files/figure_9_3_dispersio-fb54a2eb8780d0ddc05fe33f56526bf6.pdf>
Package pdftex.def Info: files/figure_9_3_dispersio-fb54a2eb8780d0ddc05fe33f565
26bf6.pdf  used on input line 693.
(pdftex.def)             Requested size: 338.58632pt x 169.28975pt.


[137 <./files/figure_9_2_cumulativ-c0f6718ad81f94f0d78598b5cb722190.pdf> <./fil
es/figure_9_3_dispersio-fb54a2eb8780d0ddc05fe33f56526bf6.pdf>]
Underfull \hbox (badness 10000) in paragraph at lines 729--729
[]\T1/lmr/m/n/10.95 Mean dif-fer-ence in
 []


Underfull \hbox (badness 8038) in paragraph at lines 729--729
[]\T1/lmr/m/n/10.95 Seeds favour-ing the
 []



[138]

[139]

[140]

[141]
<files/figure_9_4_importanc-91b9b860bde5bf329c185f81ae3e8389.pdf, id=6513, 867.
24pt x 361.35pt>
File: files/figure_9_4_importanc-91b9b860bde5bf329c185f81ae3e8389.pdf Graphic f
ile (type pdf)
<use files/figure_9_4_importanc-91b9b860bde5bf329c185f81ae3e8389.pdf>
Package pdftex.def Info: files/figure_9_4_importanc-91b9b860bde5bf329c185f81ae3
e8389.pdf  used on input line 877.
(pdftex.def)             Requested size: 338.58632pt x 141.0803pt.
)

[142 <./files/figure_9_4_importanc-91b9b860bde5bf329c185f81ae3e8389.pdf>]
\openout2 = `myst-chap-10-support-vector.aux'.


(./myst-chap-10-support-vector.tex
Chapter 11.
<files/svm-803b09e4fc2fd0cb8220fad1b82ec088.pdf, id=6601, 341.5962pt x 182.1204
pt>
File: files/svm-803b09e4fc2fd0cb8220fad1b82ec088.pdf Graphic file (type pdf)
<use files/svm-803b09e4fc2fd0cb8220fad1b82ec088.pdf>
Package pdftex.def Info: files/svm-803b09e4fc2fd0cb8220fad1b82ec088.pdf  used o
n input line 11.
(pdftex.def)             Requested size: 302.31053pt x 161.17514pt.


[143




 <./files/svm-803b09e4fc2fd0cb8220fad1b82ec088.pdf>]
<files/svm2-f652c58a89424e044dacced0d8e3d5b6.pdf, id=6643, 285.065pt x 179.6712
5pt>
File: files/svm2-f652c58a89424e044dacced0d8e3d5b6.pdf Graphic file (type pdf)
<use files/svm2-f652c58a89424e044dacced0d8e3d5b6.pdf>
Package pdftex.def Info: files/svm2-f652c58a89424e044dacced0d8e3d5b6.pdf  used 
on input line 75.
(pdftex.def)             Requested size: 302.31053pt x 190.54106pt.


[144]
<files/kernel-c4ceac2655372255245b865b96528581.pdf, id=6658, 341.5962pt x 137.0
721pt>
File: files/kernel-c4ceac2655372255245b865b96528581.pdf Graphic file (type pdf)

<use files/kernel-c4ceac2655372255245b865b96528581.pdf>
Package pdftex.def Info: files/kernel-c4ceac2655372255245b865b96528581.pdf  use
d on input line 93.
(pdftex.def)             Requested size: 241.84843pt x 97.04576pt.


[145 <./files/svm2-f652c58a89424e044dacced0d8e3d5b6.pdf> <./files/kernel-c4ceac
2655372255245b865b96528581.pdf>]
<files/svm3-f19cc71e59b778ccb6f885d525a469b0.pdf, id=6708, 284.74379pt x 179.47
05pt>
File: files/svm3-f19cc71e59b778ccb6f885d525a469b0.pdf Graphic file (type pdf)
<use files/svm3-f19cc71e59b778ccb6f885d525a469b0.pdf>
Package pdftex.def Info: files/svm3-f19cc71e59b778ccb6f885d525a469b0.pdf  used 
on input line 116.
(pdftex.def)             Requested size: 302.31053pt x 190.55821pt.


[146 <./files/svm3-f19cc71e59b778ccb6f885d525a469b0.pdf>]

[147])

[148]
\openout2 = `myst-chap-11-bayes.aux'.

 (./myst-chap-11-bayes.tex
Chapter 12.


[149




]

[150]

[151]

LaTeX Warning: Reference `eq:linlike' on page 152 undefined on input line 126.


LaTeX Warning: Reference `eq:linlike' on page 152 undefined on input line 128.



[152]
Package mdframed Info: Not enough space on this page on input line 214.


[153]
Package mdframed Info: Not enough space on this page on input line 214.
<files/f0ae124dfbc8c5e997ab2e92d5739686.pdf, id=6857, 569.9374pt x 352.27548pt>

File: files/f0ae124dfbc8c5e997ab2e92d5739686.pdf Graphic file (type pdf)
<use files/f0ae124dfbc8c5e997ab2e92d5739686.pdf>
Package pdftex.def Info: files/f0ae124dfbc8c5e997ab2e92d5739686.pdf  used on in
put line 259.
(pdftex.def)             Requested size: 338.58632pt x 209.28668pt.

Overfull \hbox (17.0pt too wide) in paragraph at lines 259--260
[][] 
 []



[154]

[155 <./files/f0ae124dfbc8c5e997ab2e92d5739686.pdf>]

[156]

[157]

[158]
<files/bart-7ee850c94f98a8d8da5f039da14ac01e.pdf, id=6961, 313.17pt x 350.5095p
t>
File: files/bart-7ee850c94f98a8d8da5f039da14ac01e.pdf Graphic file (type pdf)
<use files/bart-7ee850c94f98a8d8da5f039da14ac01e.pdf>
Package pdftex.def Info: files/bart-7ee850c94f98a8d8da5f039da14ac01e.pdf  used 
on input line 490.
(pdftex.def)             Requested size: 157.2pt x 175.9496pt.


[159 <./files/bart-7ee850c94f98a8d8da5f039da14ac01e.pdf>]
Package mdframed Info: Not enough space on this page on input line 519.
Package mdframed Info: Not enough space on this page on input line 571.


[160]
Package mdframed Info: Not enough space on this page on input line 571.
<files/55d1d55c5e052f9ff88e118a952e4b50.pdf, id=6994, 497.33772pt x 197.67728pt
>
File: files/55d1d55c5e052f9ff88e118a952e4b50.pdf Graphic file (type pdf)
<use files/55d1d55c5e052f9ff88e118a952e4b50.pdf>
Package pdftex.def Info: files/55d1d55c5e052f9ff88e118a952e4b50.pdf  used on in
put line 600.
(pdftex.def)             Requested size: 338.58632pt x 134.58466pt.

Overfull \hbox (17.0pt too wide) in paragraph at lines 600--601
[][] 
 []

<files/fc66c759b30f5fb4b6a9eb3f9538afe3.pdf, id=6995, 1065.9825pt x 497.52376pt
>
File: files/fc66c759b30f5fb4b6a9eb3f9538afe3.pdf Graphic file (type pdf)
<use files/fc66c759b30f5fb4b6a9eb3f9538afe3.pdf>
Package pdftex.def Info: files/fc66c759b30f5fb4b6a9eb3f9538afe3.pdf  used on in
put line 618.
(pdftex.def)             Requested size: 338.58632pt x 158.02657pt.

Overfull \hbox (17.0pt too wide) in paragraph at lines 618--619
[][] 
 []



[161 <./files/55d1d55c5e052f9ff88e118a952e4b50.pdf>]
<files/44f7901a259b3eb7cb5c893fc0d4d155.pdf, id=7019, 610.68152pt x 352.29932pt
>
File: files/44f7901a259b3eb7cb5c893fc0d4d155.pdf Graphic file (type pdf)
<use files/44f7901a259b3eb7cb5c893fc0d4d155.pdf>
Package pdftex.def Info: files/44f7901a259b3eb7cb5c893fc0d4d155.pdf  used on in
put line 636.
(pdftex.def)             Requested size: 338.58632pt x 195.3349pt.
)
Overfull \hbox (17.0pt too wide) in paragraph at lines 636--282
[][] 
 []



[162 <./files/fc66c759b30f5fb4b6a9eb3f9538afe3.pdf> <./files/44f7901a259b3eb7cb
5c893fc0d4d155.pdf>]
\openout2 = `myst-chap-12-genetic-algorithms.aux'.

 (./myst-chap-12-genetic-algorithms.tex
Chapter 13.


[163




]


Overfull \hbox (62.70169pt too wide) has occurred while \output is active
\T1/lmr/m/sl/10.95 CHAPTER 13.  GENETIC ALGORITHMS FOR PORTFOLIO OPTIMISATION A
ND FACTOR INVESTING \T1/lmr/m/n/10.95 164
 []

[164]


Overfull \hbox (62.70169pt too wide) has occurred while \output is active
\T1/lmr/m/sl/10.95 CHAPTER 13.  GENETIC ALGORITHMS FOR PORTFOLIO OPTIMISATION A
ND FACTOR INVESTING \T1/lmr/m/n/10.95 165
 []

[165]
Underfull \hbox (badness 10000) in paragraph at lines 99--99
[]\T1/lmr/m/n/10.95 Bayesian opt.
 []


Underfull \hbox (badness 10000) in paragraph at lines 99--99
[]\T1/lmr/m/n/10.95 Grid/random
 []


Underfull \hbox (badness 10000) in paragraph at lines 99--100
[]\T1/lmr/m/n/10.95 Genetic al-go-
 []


Underfull \hbox (badness 10000) in paragraph at lines 101--101
[]\T1/lmr/m/n/10.95 Requires gra-di-
 []


Underfull \hbox (badness 4328) in paragraph at lines 102--102
[]\T1/lmr/m/n/10.95 Handles dis-crete
 []


Underfull \hbox (badness 10000) in paragraph at lines 103--103
[]\T1/lmr/m/n/10.95 Handles con-
 []


Underfull \hbox (badness 10000) in paragraph at lines 104--104
[]\T1/lmr/m/n/10.95 Scalarisation
 []


Underfull \hbox (badness 10000) in paragraph at lines 105--105
[]\T1/lmr/m/n/10.95 Sequential (ac-
 []


Underfull \hbox (badness 10000) in paragraph at lines 106--106
[]\T1/lmr/m/n/10.95 Low (with GP
 []


Underfull \hbox (badness 10000) in paragraph at lines 106--106
[]\T1/lmr/m/n/10.95 None (ex-haus-
 []


Underfull \hbox (badness 2735) in paragraph at lines 106--107
[]\T1/lmr/m/n/10.95 Low (pop-u-la-tion
 []


Underfull \hbox (badness 10000) in paragraph at lines 107--107
[]\T1/lmr/m/n/10.95 Computational
 []


Underfull \hbox (badness 10000) in paragraph at lines 107--107
[]\T1/lmr/m/n/10.95 High (sur-ro-gate
 []




Overfull \hbox (62.70169pt too wide) has occurred while \output is active
\T1/lmr/m/sl/10.95 CHAPTER 13.  GENETIC ALGORITHMS FOR PORTFOLIO OPTIMISATION A
ND FACTOR INVESTING \T1/lmr/m/n/10.95 166
 []

[166]


Overfull \hbox (62.70169pt too wide) has occurred while \output is active
\T1/lmr/m/sl/10.95 CHAPTER 13.  GENETIC ALGORITHMS FOR PORTFOLIO OPTIMISATION A
ND FACTOR INVESTING \T1/lmr/m/n/10.95 167
 []

[167]


Overfull \hbox (62.70169pt too wide) has occurred while \output is active
\T1/lmr/m/sl/10.95 CHAPTER 13.  GENETIC ALGORITHMS FOR PORTFOLIO OPTIMISATION A
ND FACTOR INVESTING \T1/lmr/m/n/10.95 168
 []

[168]
<files/7b3c8b0bc8ad6f8ca511168788502f59.pdf, id=7235, 570.34485pt x 281.52051pt
>
File: files/7b3c8b0bc8ad6f8ca511168788502f59.pdf Graphic file (type pdf)
<use files/7b3c8b0bc8ad6f8ca511168788502f59.pdf>
Package pdftex.def Info: files/7b3c8b0bc8ad6f8ca511168788502f59.pdf  used on in
put line 290.
(pdftex.def)             Requested size: 338.58632pt x 167.1309pt.

Overfull \hbox (17.0pt too wide) in paragraph at lines 290--291
[][] 
 []




Overfull \hbox (62.70169pt too wide) has occurred while \output is active
\T1/lmr/m/sl/10.95 CHAPTER 13.  GENETIC ALGORITHMS FOR PORTFOLIO OPTIMISATION A
ND FACTOR INVESTING \T1/lmr/m/n/10.95 169
 []

[169]
Underfull \hbox (badness 10000) in paragraph at lines 322--322
[]\T1/lmr/m/n/10.95 Hyperparameters,
 []


Underfull \hbox (badness 3396) in paragraph at lines 322--323
[]\T1/lmr/m/n/10.95 Number of hy-per-pa-
 []




Overfull \hbox (62.70169pt too wide) has occurred while \output is active
\T1/lmr/m/sl/10.95 CHAPTER 13.  GENETIC ALGORITHMS FOR PORTFOLIO OPTIMISATION A
ND FACTOR INVESTING \T1/lmr/m/n/10.95 170
 []

[170 <./files/7b3c8b0bc8ad6f8ca511168788502f59.pdf>]


Overfull \hbox (62.70169pt too wide) has occurred while \output is active
\T1/lmr/m/sl/10.95 CHAPTER 13.  GENETIC ALGORITHMS FOR PORTFOLIO OPTIMISATION A
ND FACTOR INVESTING \T1/lmr/m/n/10.95 171
 []

[171
pdfTeX warning (ext4): destination with the same identifier (name{equation.13.1
}) has been already used, duplicate ignored
<argument> ...shipout:D \box_use:N \l_shipout_box 
                                                  \__shipout_drop_firstpage_...
l.377 \textbf{Single-point crossover.}
                                       A crossover point $c$ is chosen unifo...

pdfTeX warning (ext4): destination with the same identifier (name{equation.13.1
}) has been already used, duplicate ignored
<argument> ...shipout:D \box_use:N \l_shipout_box 
                                                  \__shipout_drop_firstpage_...
l.377 \textbf{Single-point crossover.}
                                       A crossover point $c$ is chosen unifo...

pdfTeX warning (ext4): destination with the same identifier (name{equation.13.1
}) has been already used, duplicate ignored
<argument> ...shipout:D \box_use:N \l_shipout_box 
                                                  \__shipout_drop_firstpage_...
l.377 \textbf{Single-point crossover.}
                                       A crossover point $c$ is chosen unifo...
]
Underfull \hbox (badness 10000) in paragraph at lines 421--422
[]\T1/lmr/m/n/10.95 More ex-plo-ration,
 []


Underfull \hbox (badness 10000) in paragraph at lines 424--425
[]\T1/lmr/m/n/10.95 Stronger se-lec-tion
 []




Overfull \hbox (62.70169pt too wide) has occurred while \output is active
\T1/lmr/m/sl/10.95 CHAPTER 13.  GENETIC ALGORITHMS FOR PORTFOLIO OPTIMISATION A
ND FACTOR INVESTING \T1/lmr/m/n/10.95 172
 []

[172
pdfTeX warning (ext4): destination with the same identifier (name{equation.13.2
}) has been already used, duplicate ignored
<argument> ...shipout:D \box_use:N \l_shipout_box 
                                                  \__shipout_drop_firstpage_...
l.430 
      ]


Overfull \hbox (62.70169pt too wide) has occurred while \output is active
\T1/lmr/m/sl/10.95 CHAPTER 13.  GENETIC ALGORITHMS FOR PORTFOLIO OPTIMISATION A
ND FACTOR INVESTING \T1/lmr/m/n/10.95 173
 []

[173]
<files/5624b1f22ddca17724afcc6d1f9fb542.pdf, id=7305, 1007.54163pt x 281.52051p
t>
File: files/5624b1f22ddca17724afcc6d1f9fb542.pdf Graphic file (type pdf)
<use files/5624b1f22ddca17724afcc6d1f9fb542.pdf>
Package pdftex.def Info: files/5624b1f22ddca17724afcc6d1f9fb542.pdf  used on in
put line 483.
(pdftex.def)             Requested size: 338.58632pt x 94.60312pt.

Overfull \hbox (17.0pt too wide) in paragraph at lines 483--484
[][] 
 []




Overfull \hbox (62.70169pt too wide) has occurred while \output is active
\T1/lmr/m/sl/10.95 CHAPTER 13.  GENETIC ALGORITHMS FOR PORTFOLIO OPTIMISATION A
ND FACTOR INVESTING \T1/lmr/m/n/10.95 174
 []

[174 <./files/5624b1f22ddca17724afcc6d1f9fb542.pdf>]
<files/e4bce44834f1c1c73b5cf1869f12f7c5.pdf, id=7356, 1148.59804pt x 297.6558pt
>
File: files/e4bce44834f1c1c73b5cf1869f12f7c5.pdf Graphic file (type pdf)
<use files/e4bce44834f1c1c73b5cf1869f12f7c5.pdf>
Package pdftex.def Info: files/e4bce44834f1c1c73b5cf1869f12f7c5.pdf  used on in
put line 541.
(pdftex.def)             Requested size: 338.58632pt x 87.73956pt.

Overfull \hbox (17.0pt too wide) in paragraph at lines 541--542
[][] 
 []




Overfull \hbox (62.70169pt too wide) has occurred while \output is active
\T1/lmr/m/sl/10.95 CHAPTER 13.  GENETIC ALGORITHMS FOR PORTFOLIO OPTIMISATION A
ND FACTOR INVESTING \T1/lmr/m/n/10.95 175
 []

[175 <./files/e4bce44834f1c1c73b5cf1869f12f7c5.pdf>]
<files/098cf737d40550611ed2229d4b06b051.pdf, id=7407, 1004.05803pt x 353.79051p
t>
File: files/098cf737d40550611ed2229d4b06b051.pdf Graphic file (type pdf)
<use files/098cf737d40550611ed2229d4b06b051.pdf>
Package pdftex.def Info: files/098cf737d40550611ed2229d4b06b051.pdf  used on in
put line 604.
(pdftex.def)             Requested size: 338.58632pt x 119.30467pt.

Overfull \hbox (17.0pt too wide) in paragraph at lines 604--605
[][] 
 []




Overfull \hbox (62.70169pt too wide) has occurred while \output is active
\T1/lmr/m/sl/10.95 CHAPTER 13.  GENETIC ALGORITHMS FOR PORTFOLIO OPTIMISATION A
ND FACTOR INVESTING \T1/lmr/m/n/10.95 176
 []

[176 <./files/098cf737d40550611ed2229d4b06b051.pdf>]


Overfull \hbox (62.70169pt too wide) has occurred while \output is active
\T1/lmr/m/sl/10.95 CHAPTER 13.  GENETIC ALGORITHMS FOR PORTFOLIO OPTIMISATION A
ND FACTOR INVESTING \T1/lmr/m/n/10.95 177
 []

[177]


Overfull \hbox (62.70169pt too wide) has occurred while \output is active
\T1/lmr/m/sl/10.95 CHAPTER 13.  GENETIC ALGORITHMS FOR PORTFOLIO OPTIMISATION A
ND FACTOR INVESTING \T1/lmr/m/n/10.95 178
 []

[178]


Overfull \hbox (62.70169pt too wide) has occurred while \output is active
\T1/lmr/m/sl/10.95 CHAPTER 13.  GENETIC ALGORITHMS FOR PORTFOLIO OPTIMISATION A
ND FACTOR INVESTING \T1/lmr/m/n/10.95 179
 []

[179]


Overfull \hbox (62.70169pt too wide) has occurred while \output is active
\T1/lmr/m/sl/10.95 CHAPTER 13.  GENETIC ALGORITHMS FOR PORTFOLIO OPTIMISATION A
ND FACTOR INVESTING \T1/lmr/m/n/10.95 180
 []

[180]
<files/e6e8489eb9fad7ea97e1ff311834bd82.pdf, id=7499, 1004.08879pt x 353.79051p
t>
File: files/e6e8489eb9fad7ea97e1ff311834bd82.pdf Graphic file (type pdf)
<use files/e6e8489eb9fad7ea97e1ff311834bd82.pdf>
Package pdftex.def Info: files/e6e8489eb9fad7ea97e1ff311834bd82.pdf  used on in
put line 875.
(pdftex.def)             Requested size: 338.58632pt x 119.29927pt.

Overfull \hbox (17.0pt too wide) in paragraph at lines 875--876
[][] 
 []




Overfull \hbox (62.70169pt too wide) has occurred while \output is active
\T1/lmr/m/sl/10.95 CHAPTER 13.  GENETIC ALGORITHMS FOR PORTFOLIO OPTIMISATION A
ND FACTOR INVESTING \T1/lmr/m/n/10.95 181
 []

[181]


Overfull \hbox (62.70169pt too wide) has occurred while \output is active
\T1/lmr/m/sl/10.95 CHAPTER 13.  GENETIC ALGORITHMS FOR PORTFOLIO OPTIMISATION A
ND FACTOR INVESTING \T1/lmr/m/n/10.95 182
 []

[182 <./files/e6e8489eb9fad7ea97e1ff311834bd82.pdf>]


Overfull \hbox (62.70169pt too wide) has occurred while \output is active
\T1/lmr/m/sl/10.95 CHAPTER 13.  GENETIC ALGORITHMS FOR PORTFOLIO OPTIMISATION A
ND FACTOR INVESTING \T1/lmr/m/n/10.95 183
 []

[183]
Package mdframed Info: Not enough space on this page on input line 990.



Overfull \hbox (62.70169pt too wide) has occurred while \output is active
\T1/lmr/m/sl/10.95 CHAPTER 13.  GENETIC ALGORITHMS FOR PORTFOLIO OPTIMISATION A
ND FACTOR INVESTING \T1/lmr/m/n/10.95 184
 []

[184]


Overfull \hbox (62.70169pt too wide) has occurred while \output is active
\T1/lmr/m/sl/10.95 CHAPTER 13.  GENETIC ALGORITHMS FOR PORTFOLIO OPTIMISATION A
ND FACTOR INVESTING \T1/lmr/m/n/10.95 185
 []

[185]
Package mdframed Info: Not enough space on this page on input line 1108.
<files/c5ff22851fed0b9afa80c164716a4b4d.pdf, id=7571, 570.40729pt x 353.79051pt
>
File: files/c5ff22851fed0b9afa80c164716a4b4d.pdf Graphic file (type pdf)
<use files/c5ff22851fed0b9afa80c164716a4b4d.pdf>
Package pdftex.def Info: files/c5ff22851fed0b9afa80c164716a4b4d.pdf  used on in
put line 1110.
(pdftex.def)             Requested size: 338.58632pt x 210.014pt.

Overfull \hbox (17.0pt too wide) in paragraph at lines 1110--1111
[][] 
 []




Overfull \hbox (62.70169pt too wide) has occurred while \output is active
\T1/lmr/m/sl/10.95 CHAPTER 13.  GENETIC ALGORITHMS FOR PORTFOLIO OPTIMISATION A
ND FACTOR INVESTING \T1/lmr/m/n/10.95 186
 []

[186 <./files/c5ff22851fed0b9afa80c164716a4b4d.pdf>]


Overfull \hbox (62.70169pt too wide) has occurred while \output is active
\T1/lmr/m/sl/10.95 CHAPTER 13.  GENETIC ALGORITHMS FOR PORTFOLIO OPTIMISATION A
ND FACTOR INVESTING \T1/lmr/m/n/10.95 187
 []

[187]


Overfull \hbox (62.70169pt too wide) has occurred while \output is active
\T1/lmr/m/sl/10.95 CHAPTER 13.  GENETIC ALGORITHMS FOR PORTFOLIO OPTIMISATION A
ND FACTOR INVESTING \T1/lmr/m/n/10.95 188
 []

[188]
Underfull \hbox (badness 10000) in paragraph at lines 1180--1180
[]\T1/lmr/m/n/10.95 PPO-based RL
 []


Underfull \hbox (badness 10000) in paragraph at lines 1180--1180
\T1/lmr/m/n/10.95 for syn-er-gis-tic
 []


Underfull \hbox (badness 1888) in paragraph at lines 1181--1181
[]\T1/lmr/m/n/10.95 LLM-assisted al-
 []


Underfull \hbox (badness 4156) in paragraph at lines 1181--1181
\T1/lmr/m/n/10.95 pha min-ing via
 []


Underfull \hbox (badness 10000) in paragraph at lines 1181--1182
[][][]\T1/lmr/m/n/10.95 Wang et al.[][]
 []


Underfull \hbox (badness 10000) in paragraph at lines 1182--1182
[]\T1/lmr/m/n/10.95 Multi-agent
 []


Underfull \hbox (badness 10000) in paragraph at lines 1182--1182
\T1/lmr/m/n/10.95 LLM: min-ing,
 []


Underfull \hbox (badness 10000) in paragraph at lines 1183--1183
\T1/lmr/m/n/10.95 dy-namic fac-tor
 []


Underfull \hbox (badness 10000) in paragraph at lines 1185--1185
[]\T1/lmr/m/n/10.95 Dual-chain
 []


Underfull \hbox (badness 10000) in paragraph at lines 1185--1185
\T1/lmr/m/n/10.95 ar-chi-tec-ture
 []


Underfull \hbox (badness 10000) in paragraph at lines 1185--1185
\T1/lmr/m/n/10.95 (gen-er-a-tion +
 []


Underfull \hbox (badness 10000) in paragraph at lines 1186--1186
[]\T1/lmr/m/n/10.95 LLMs as cog-
 []


Underfull \hbox (badness 10000) in paragraph at lines 1186--1186
\T1/lmr/m/n/10.95 ni-tive agents:
 []


Overfull \hbox (7.45454pt too wide) in paragraph at lines 1186--1186
\T1/lmr/m/n/10.95 tion/recombination| 
 []


Underfull \hbox (badness 6526) in paragraph at lines 1186--1187
[]\T1/lmr/m/n/10.95 Liu, F. et al.
 []


Underfull \hbox (badness 10000) in paragraph at lines 1187--1187
[]\T1/lmr/m/n/10.95 LLM-driven
 []


Underfull \hbox (badness 10000) in paragraph at lines 1187--1187
\T1/lmr/m/n/10.95 strat-egy evo-lu-
 []


Underfull \hbox (badness 4647) in paragraph at lines 1187--1187
[]\T1/lmr/m/n/10.95 Intelligent Com-
 []


Underfull \hbox (badness 1845) in paragraph at lines 1187--1188
[]\T1/lmr/m/n/10.95 Zeng, X. et al.
 []


Underfull \hbox (badness 10000) in paragraph at lines 1188--1188
[]\T1/lmr/m/n/10.95 Evolutionary
 []


Underfull \hbox (badness 10000) in paragraph at lines 1188--1188
\T1/lmr/m/n/10.95 sparse port-fo-lio
 []


Underfull \hbox (badness 10000) in paragraph at lines 1189--1189
[]\T1/lmr/m/n/10.95 Trajectory-
 []


Underfull \hbox (badness 10000) in paragraph at lines 1189--1189
\T1/lmr/m/n/10.95 level mu-ta-
 []


Underfull \hbox (badness 10000) in paragraph at lines 1189--1189
\T1/lmr/m/n/10.95 tion/crossover;
 []


Underfull \hbox (badness 10000) in paragraph at lines 1189--1189
\T1/lmr/m/n/10.95 cross-market
 []


Underfull \hbox (badness 4832) in paragraph at lines 1189--1190
[]\T1/lmr/m/n/10.95 Han, J. et al.
 []




Overfull \hbox (62.70169pt too wide) has occurred while \output is active
\T1/lmr/m/sl/10.95 CHAPTER 13.  GENETIC ALGORITHMS FOR PORTFOLIO OPTIMISATION A
ND FACTOR INVESTING \T1/lmr/m/n/10.95 189
 []

[189]


Overfull \hbox (62.70169pt too wide) has occurred while \output is active
\T1/lmr/m/sl/10.95 CHAPTER 13.  GENETIC ALGORITHMS FOR PORTFOLIO OPTIMISATION A
ND FACTOR INVESTING \T1/lmr/m/n/10.95 190
 []

[190]
pdfTeX warning (ext4): destination with the same identifier (name{equation.13.3
}) has been already used, duplicate ignored
<to be read again> 
                   \relax 
l.1215 \begin{equation}
                       
pdfTeX warning (ext4): destination with the same identifier (name{equation.13.3
}) has been already used, duplicate ignored
<to be read again> 
                   \relax 
l.1215 \begin{equation}
                       
pdfTeX warning (ext4): destination with the same identifier (name{equation.13.3
}) has been already used, duplicate ignored
<to be read again> 
                   \relax 
l.1215 \begin{equation}
                       
pdfTeX warning (ext4): destination with the same identifier (name{equation.13.3
}) has been already used, duplicate ignored
<to be read again> 
                   \relax 
l.1215 \begin{equation}
                       


Overfull \hbox (62.70169pt too wide) has occurred while \output is active
\T1/lmr/m/sl/10.95 CHAPTER 13.  GENETIC ALGORITHMS FOR PORTFOLIO OPTIMISATION A
ND FACTOR INVESTING \T1/lmr/m/n/10.95 191
 []

[191]


Overfull \hbox (62.70169pt too wide) has occurred while \output is active
\T1/lmr/m/sl/10.95 CHAPTER 13.  GENETIC ALGORITHMS FOR PORTFOLIO OPTIMISATION A
ND FACTOR INVESTING \T1/lmr/m/n/10.95 192
 []

[192]
Package mdframed Info: Not enough space on this page on input line 1362.



Overfull \hbox (62.70169pt too wide) has occurred while \output is active
\T1/lmr/m/sl/10.95 CHAPTER 13.  GENETIC ALGORITHMS FOR PORTFOLIO OPTIMISATION A
ND FACTOR INVESTING \T1/lmr/m/n/10.95 193
 []

[193]
<files/32f5e32ceefeb574ee9f1a32d9426e55.pdf, id=7800, 570.44305pt x 426.0605pt>

File: files/32f5e32ceefeb574ee9f1a32d9426e55.pdf Graphic file (type pdf)
<use files/32f5e32ceefeb574ee9f1a32d9426e55.pdf>
Package pdftex.def Info: files/32f5e32ceefeb574ee9f1a32d9426e55.pdf  used on in
put line 1364.
(pdftex.def)             Requested size: 338.58632pt x 252.88829pt.

Overfull \hbox (17.0pt too wide) in paragraph at lines 1364--1365
[][] 
 []




Overfull \hbox (62.70169pt too wide) has occurred while \output is active
\T1/lmr/m/sl/10.95 CHAPTER 13.  GENETIC ALGORITHMS FOR PORTFOLIO OPTIMISATION A
ND FACTOR INVESTING \T1/lmr/m/n/10.95 194
 []

[194]


Overfull \hbox (62.70169pt too wide) has occurred while \output is active
\T1/lmr/m/sl/10.95 CHAPTER 13.  GENETIC ALGORITHMS FOR PORTFOLIO OPTIMISATION A
ND FACTOR INVESTING \T1/lmr/m/n/10.95 195
 []

[195 <./files/32f5e32ceefeb574ee9f1a32d9426e55.pdf>]


Overfull \hbox (62.70169pt too wide) has occurred while \output is active
\T1/lmr/m/sl/10.95 CHAPTER 13.  GENETIC ALGORITHMS FOR PORTFOLIO OPTIMISATION A
ND FACTOR INVESTING \T1/lmr/m/n/10.95 196
 []

[196]


Overfull \hbox (62.70169pt too wide) has occurred while \output is active
\T1/lmr/m/sl/10.95 CHAPTER 13.  GENETIC ALGORITHMS FOR PORTFOLIO OPTIMISATION A
ND FACTOR INVESTING \T1/lmr/m/n/10.95 197
 []

[197]


Overfull \hbox (62.70169pt too wide) has occurred while \output is active
\T1/lmr/m/sl/10.95 CHAPTER 13.  GENETIC ALGORITHMS FOR PORTFOLIO OPTIMISATION A
ND FACTOR INVESTING \T1/lmr/m/n/10.95 198
 []

[198]
<files/dddecea5c55e51cbdaa6fec317ac73da.pdf, id=7880, 1004.11948pt x 353.30371p
t>
File: files/dddecea5c55e51cbdaa6fec317ac73da.pdf Graphic file (type pdf)
<use files/dddecea5c55e51cbdaa6fec317ac73da.pdf>
Package pdftex.def Info: files/dddecea5c55e51cbdaa6fec317ac73da.pdf  used on in
put line 1596.
(pdftex.def)             Requested size: 338.58632pt x 119.13512pt.

Overfull \hbox (17.0pt too wide) in paragraph at lines 1596--1597
[][] 
 []




Overfull \hbox (62.70169pt too wide) has occurred while \output is active
\T1/lmr/m/sl/10.95 CHAPTER 13.  GENETIC ALGORITHMS FOR PORTFOLIO OPTIMISATION A
ND FACTOR INVESTING \T1/lmr/m/n/10.95 199
 []

[199 <./files/dddecea5c55e51cbdaa6fec317ac73da.pdf>]
Package mdframed Info: Not enough space on this page on input line 1620.
<files/a9138a3843accc600d5e46517fc85473.pdf, id=7929, 715.35193pt x 497.8437pt>

File: files/a9138a3843accc600d5e46517fc85473.pdf Graphic file (type pdf)
<use files/a9138a3843accc600d5e46517fc85473.pdf>
Package pdftex.def Info: files/a9138a3843accc600d5e46517fc85473.pdf  used on in
put line 1622.
(pdftex.def)             Requested size: 338.58632pt x 235.635pt.

Overfull \hbox (17.0pt too wide) in paragraph at lines 1622--1623
[][] 
 []

<files/bff9b15100cca9ea303a74d06f4d1526.pdf, id=7930, 715.00879pt x 281.55356pt
>
File: files/bff9b15100cca9ea303a74d06f4d1526.pdf Graphic file (type pdf)
<use files/bff9b15100cca9ea303a74d06f4d1526.pdf>
Package pdftex.def Info: files/bff9b15100cca9ea303a74d06f4d1526.pdf  used on in
put line 1630.
(pdftex.def)             Requested size: 338.58632pt x 133.32689pt.

Overfull \hbox (17.0pt too wide) in paragraph at lines 1630--1631
[][] 
 []




Overfull \hbox (62.70169pt too wide) has occurred while \output is active
\T1/lmr/m/sl/10.95 CHAPTER 13.  GENETIC ALGORITHMS FOR PORTFOLIO OPTIMISATION A
ND FACTOR INVESTING \T1/lmr/m/n/10.95 200
 []

[200 <./files/a9138a3843accc600d5e46517fc85473.pdf>]


Overfull \hbox (62.70169pt too wide) has occurred while \output is active
\T1/lmr/m/sl/10.95 CHAPTER 13.  GENETIC ALGORITHMS FOR PORTFOLIO OPTIMISATION A
ND FACTOR INVESTING \T1/lmr/m/n/10.95 201
 []

[201 <./files/bff9b15100cca9ea303a74d06f4d1526.pdf>]
<files/ada8a6aaaa44728fedcebc0336a4244a.pdf, id=8043, 570.43803pt x 389.9255pt>

File: files/ada8a6aaaa44728fedcebc0336a4244a.pdf Graphic file (type pdf)
<use files/ada8a6aaaa44728fedcebc0336a4244a.pdf>
Package pdftex.def Info: files/ada8a6aaaa44728fedcebc0336a4244a.pdf  used on in
put line 1692.
(pdftex.def)             Requested size: 338.58632pt x 231.45224pt.

Overfull \hbox (17.0pt too wide) in paragraph at lines 1692--1693
[][] 
 []




Overfull \hbox (62.70169pt too wide) has occurred while \output is active
\T1/lmr/m/sl/10.95 CHAPTER 13.  GENETIC ALGORITHMS FOR PORTFOLIO OPTIMISATION A
ND FACTOR INVESTING \T1/lmr/m/n/10.95 202
 []

[202 <./files/ada8a6aaaa44728fedcebc0336a4244a.pdf>]
Package mdframed Info: Not enough space on this page on input line 1757.



Overfull \hbox (62.70169pt too wide) has occurred while \output is active
\T1/lmr/m/sl/10.95 CHAPTER 13.  GENETIC ALGORITHMS FOR PORTFOLIO OPTIMISATION A
ND FACTOR INVESTING \T1/lmr/m/n/10.95 203
 []

[203]
Package mdframed Info: Not enough space on this page on input line 1757.

Underfull \hbox (badness 10000) in paragraph at lines 1784--1784
[]\T1/lmr/m/n/10.95 GA-tuned GBR
 []

<files/5fe68a41a308474a4b12def608e79a46.pdf, id=8109, 570.43803pt x 353.79051pt
>
File: files/5fe68a41a308474a4b12def608e79a46.pdf Graphic file (type pdf)
<use files/5fe68a41a308474a4b12def608e79a46.pdf>
Package pdftex.def Info: files/5fe68a41a308474a4b12def608e79a46.pdf  used on in
put line 1792.
(pdftex.def)             Requested size: 338.58632pt x 210.0032pt.

Overfull \hbox (17.0pt too wide) in paragraph at lines 1792--1793
[][] 
 []




Overfull \hbox (62.70169pt too wide) has occurred while \output is active
\T1/lmr/m/sl/10.95 CHAPTER 13.  GENETIC ALGORITHMS FOR PORTFOLIO OPTIMISATION A
ND FACTOR INVESTING \T1/lmr/m/n/10.95 204
 []

[204 <./files/5fe68a41a308474a4b12def608e79a46.pdf>]
<files/f8620046f620cb3c975abe6358081c56.pdf, id=8168, 715.01381pt x 353.79051pt
>
File: files/f8620046f620cb3c975abe6358081c56.pdf Graphic file (type pdf)
<use files/f8620046f620cb3c975abe6358081c56.pdf>
Package pdftex.def Info: files/f8620046f620cb3c975abe6358081c56.pdf  used on in
put line 1825.
(pdftex.def)             Requested size: 338.58632pt x 167.53398pt.

Overfull \hbox (17.0pt too wide) in paragraph at lines 1825--1826
[][] 
 []




Overfull \hbox (62.70169pt too wide) has occurred while \output is active
\T1/lmr/m/sl/10.95 CHAPTER 13.  GENETIC ALGORITHMS FOR PORTFOLIO OPTIMISATION A
ND FACTOR INVESTING \T1/lmr/m/n/10.95 205
 []

[205]
<files/2c4394b91e65d175a4556c6a31d33a27.pdf, id=8177, 570.47382pt x 354.22554pt
>
File: files/2c4394b91e65d175a4556c6a31d33a27.pdf Graphic file (type pdf)
<use files/2c4394b91e65d175a4556c6a31d33a27.pdf>
Package pdftex.def Info: files/2c4394b91e65d175a4556c6a31d33a27.pdf  used on in
put line 1851.
(pdftex.def)             Requested size: 338.58632pt x 210.23982pt.

Overfull \hbox (17.0pt too wide) in paragraph at lines 1851--1852
[][] 
 []




Overfull \hbox (62.70169pt too wide) has occurred while \output is active
\T1/lmr/m/sl/10.95 CHAPTER 13.  GENETIC ALGORITHMS FOR PORTFOLIO OPTIMISATION A
ND FACTOR INVESTING \T1/lmr/m/n/10.95 206
 []

[206 <./files/f8620046f620cb3c975abe6358081c56.pdf>]
<files/2e3fc035656781263d295a3a0cbda41c.pdf, id=8237, 570.43803pt x 353.79051pt
>
File: files/2e3fc035656781263d295a3a0cbda41c.pdf Graphic file (type pdf)
<use files/2e3fc035656781263d295a3a0cbda41c.pdf>
Package pdftex.def Info: files/2e3fc035656781263d295a3a0cbda41c.pdf  used on in
put line 1872.
(pdftex.def)             Requested size: 338.58632pt x 210.0032pt.

Overfull \hbox (17.0pt too wide) in paragraph at lines 1872--1873
[][] 
 []




Overfull \hbox (62.70169pt too wide) has occurred while \output is active
\T1/lmr/m/sl/10.95 CHAPTER 13.  GENETIC ALGORITHMS FOR PORTFOLIO OPTIMISATION A
ND FACTOR INVESTING \T1/lmr/m/n/10.95 207
 []

[207 <./files/2c4394b91e65d175a4556c6a31d33a27.pdf>]


Overfull \hbox (62.70169pt too wide) has occurred while \output is active
\T1/lmr/m/sl/10.95 CHAPTER 13.  GENETIC ALGORITHMS FOR PORTFOLIO OPTIMISATION A
ND FACTOR INVESTING \T1/lmr/m/n/10.95 208
 []

[208 <./files/2e3fc035656781263d295a3a0cbda41c.pdf>]
pdfTeX warning (ext4): destination with the same identifier (name{equation.13.3
}) has been already used, duplicate ignored
<to be read again> 
                   \relax 
l.1898 \begin{equation}
                       
pdfTeX warning (ext4): destination with the same identifier (name{equation.13.3
}) has been already used, duplicate ignored
<to be read again> 
                   \relax 
l.1898 \begin{equation}
                       
pdfTeX warning (ext4): destination with the same identifier (name{equation.13.3
}) has been already used, duplicate ignored
<to be read again> 
                   \relax 
l.1898 \begin{equation}
                       
pdfTeX warning (ext4): destination with the same identifier (name{equation.13.3
}) has been already used, duplicate ignored
<to be read again> 
                   \relax 
l.1898 \begin{equation}
                       


Overfull \hbox (62.70169pt too wide) has occurred while \output is active
\T1/lmr/m/sl/10.95 CHAPTER 13.  GENETIC ALGORITHMS FOR PORTFOLIO OPTIMISATION A
ND FACTOR INVESTING \T1/lmr/m/n/10.95 209
 []

[209]


Overfull \hbox (62.70169pt too wide) has occurred while \output is active
\T1/lmr/m/sl/10.95 CHAPTER 13.  GENETIC ALGORITHMS FOR PORTFOLIO OPTIMISATION A
ND FACTOR INVESTING \T1/lmr/m/n/10.95 210
 []

[210]
Underfull \hbox (badness 2846) in paragraph at lines 1973--1974
[]\T1/lmr/bx/n/10.95 Sensitivity anal-y-sis. \T1/lmr/m/n/10.95 Sys-tem-at-i-cal
ly vary the GA pa-ram-e-ters (pop-u-la-tion size $\OMS/lmsy/m/n/10.95 2
 []

)


Overfull \hbox (62.70169pt too wide) has occurred while \output is active
\T1/lmr/m/sl/10.95 CHAPTER 13.  GENETIC ALGORITHMS FOR PORTFOLIO OPTIMISATION A
ND FACTOR INVESTING \T1/lmr/m/n/10.95 211
 []

[211]

[212



]
\openout2 = `myst-chap-13-validating-tuning.aux'.

 (./myst-chap-13-validating-tuning.tex
Chapter 14.


[213


]

[214]
<files/confusion-2f45b9249d2c033e4756e0e164d778fb.pdf, id=8436, 313.17pt x 116.
435pt>
File: files/confusion-2f45b9249d2c033e4756e0e164d778fb.pdf Graphic file (type p
df)
<use files/confusion-2f45b9249d2c033e4756e0e164d778fb.pdf>
Package pdftex.def Info: files/confusion-2f45b9249d2c033e4756e0e164d778fb.pdf  
used on input line 84.
(pdftex.def)             Requested size: 338.58632pt x 125.88828pt.


[215 <./files/confusion-2f45b9249d2c033e4756e0e164d778fb.pdf>]
<files/ROCcurve-b0fc90e34ebc722ade14908f8f5f3f45.pdf, id=8468, 284.74379pt x 19
9.22429pt>
File: files/ROCcurve-b0fc90e34ebc722ade14908f8f5f3f45.pdf Graphic file (type pd
f)
<use files/ROCcurve-b0fc90e34ebc722ade14908f8f5f3f45.pdf>
Package pdftex.def Info: files/ROCcurve-b0fc90e34ebc722ade14908f8f5f3f45.pdf  u
sed on input line 114.
(pdftex.def)             Requested size: 338.58632pt x 236.91568pt.


[216 <./files/ROCcurve-b0fc90e34ebc722ade14908f8f5f3f45.pdf>]
Package mdframed Info: mdframed inside float 
 mdframed uses option nobreak mdframed on input line 189.
Package mdframed Info: mdframed inside a box 
 mdframed uses option nobreak mdframed on input line 189.
<files/150b2c9337c353f5fc5aefb3bf467be3.pdf, id=8497, 425.63518pt x 352.44171pt
>
File: files/150b2c9337c353f5fc5aefb3bf467be3.pdf Graphic file (type pdf)
<use files/150b2c9337c353f5fc5aefb3bf467be3.pdf>
Package pdftex.def Info: files/150b2c9337c353f5fc5aefb3bf467be3.pdf  used on in
put line 192.
(pdftex.def)             Requested size: 338.58632pt x 280.36728pt.
File: files/150b2c9337c353f5fc5aefb3bf467be3.pdf Graphic file (type pdf)
<use files/150b2c9337c353f5fc5aefb3bf467be3.pdf>
Package pdftex.def Info: files/150b2c9337c353f5fc5aefb3bf467be3.pdf  used on in
put line 192.
(pdftex.def)             Requested size: 338.58632pt x 280.36728pt.


LaTeX Warning: Reference `eq-crossentropy' on page 217 undefined on input line 
208.



[217]

[218 <./files/150b2c9337c353f5fc5aefb3bf467be3.pdf>]
<files/var_bias_trade-396ec89d9182d2200cf2b81c237fe440.pdf, id=8551, 284.74379p
t x 161.1621pt>
File: files/var_bias_trade-396ec89d9182d2200cf2b81c237fe440.pdf Graphic file (t
ype pdf)
<use files/var_bias_trade-396ec89d9182d2200cf2b81c237fe440.pdf>
Package pdftex.def Info: files/var_bias_trade-396ec89d9182d2200cf2b81c237fe440.
pdf  used on input line 256.
(pdftex.def)             Requested size: 338.58632pt x 191.65247pt.
<files/var_bias_trade2-a7da616120ba327b6acf36916bc1f4ee.pdf, id=8553, 284.74379
pt x 171.039pt>
File: files/var_bias_trade2-a7da616120ba327b6acf36916bc1f4ee.pdf Graphic file (
type pdf)
<use files/var_bias_trade2-a7da616120ba327b6acf36916bc1f4ee.pdf>
Package pdftex.def Info: files/var_bias_trade2-a7da616120ba327b6acf36916bc1f4ee
.pdf  used on input line 269.
(pdftex.def)             Requested size: 338.58632pt x 203.398pt.


[219]

[220 <./files/var_bias_trade-396ec89d9182d2200cf2b81c237fe440.pdf> <./files/var
_bias_trade2-a7da616120ba327b6acf36916bc1f4ee.pdf>]
Package mdframed Info: mdframed inside float 
 mdframed uses option nobreak mdframed on input line 336.
Package mdframed Info: mdframed inside a box 
 mdframed uses option nobreak mdframed on input line 336.
<files/5a6065b3aef0852c0767dce43cc56e6a.pdf, id=8636, 569.94621pt x 351.01488pt
>
File: files/5a6065b3aef0852c0767dce43cc56e6a.pdf Graphic file (type pdf)
<use files/5a6065b3aef0852c0767dce43cc56e6a.pdf>
Package pdftex.def Info: files/5a6065b3aef0852c0767dce43cc56e6a.pdf  used on in
put line 339.
(pdftex.def)             Requested size: 338.58632pt x 208.52704pt.
File: files/5a6065b3aef0852c0767dce43cc56e6a.pdf Graphic file (type pdf)
<use files/5a6065b3aef0852c0767dce43cc56e6a.pdf>
Package pdftex.def Info: files/5a6065b3aef0852c0767dce43cc56e6a.pdf  used on in
put line 339.
(pdftex.def)             Requested size: 338.58632pt x 208.52704pt.
Package mdframed Info: mdframed inside float 
 mdframed uses option nobreak mdframed on input line 372.
Package mdframed Info: mdframed inside a box 
 mdframed uses option nobreak mdframed on input line 372.
<files/767c4bdb17e8849a3443eca8b134e005.pdf, id=8639, 1149.09305pt x 570.93298p
t>
File: files/767c4bdb17e8849a3443eca8b134e005.pdf Graphic file (type pdf)
<use files/767c4bdb17e8849a3443eca8b134e005.pdf>
Package pdftex.def Info: files/767c4bdb17e8849a3443eca8b134e005.pdf  used on in
put line 375.
(pdftex.def)             Requested size: 338.58632pt x 168.2321pt.
File: files/767c4bdb17e8849a3443eca8b134e005.pdf Graphic file (type pdf)
<use files/767c4bdb17e8849a3443eca8b134e005.pdf>
Package pdftex.def Info: files/767c4bdb17e8849a3443eca8b134e005.pdf  used on in
put line 375.
(pdftex.def)             Requested size: 338.58632pt x 168.2321pt.


[221]

[222 <./files/5a6065b3aef0852c0767dce43cc56e6a.pdf>]

[223 <./files/767c4bdb17e8849a3443eca8b134e005.pdf>]
<files/overfitting-11a1b4147485a42b1df8dd6ae13058fb.pdf, id=8728, 284.74379pt x
 182.1204pt>
File: files/overfitting-11a1b4147485a42b1df8dd6ae13058fb.pdf Graphic file (type
 pdf)
<use files/overfitting-11a1b4147485a42b1df8dd6ae13058fb.pdf>
Package pdftex.def Info: files/overfitting-11a1b4147485a42b1df8dd6ae13058fb.pdf
  used on input line 454.
(pdftex.def)             Requested size: 338.58632pt x 216.5759pt.


[224]

[225 <./files/overfitting-11a1b4147485a42b1df8dd6ae13058fb.pdf>]

[226]

[227]

[228]
Package mdframed Info: mdframed inside float 
 mdframed uses option nobreak mdframed on input line 654.
Package mdframed Info: mdframed inside a box 
 mdframed uses option nobreak mdframed on input line 654.
<files/2883468a9ebb8ca7f739050f6d48d9cc.pdf, id=8798, 1009.1144pt x 570.0723pt>

File: files/2883468a9ebb8ca7f739050f6d48d9cc.pdf Graphic file (type pdf)
<use files/2883468a9ebb8ca7f739050f6d48d9cc.pdf>
Package pdftex.def Info: files/2883468a9ebb8ca7f739050f6d48d9cc.pdf  used on in
put line 657.
(pdftex.def)             Requested size: 338.58632pt x 191.27333pt.
File: files/2883468a9ebb8ca7f739050f6d48d9cc.pdf Graphic file (type pdf)
<use files/2883468a9ebb8ca7f739050f6d48d9cc.pdf>
Package pdftex.def Info: files/2883468a9ebb8ca7f739050f6d48d9cc.pdf  used on in
put line 657.
(pdftex.def)             Requested size: 338.58632pt x 191.27333pt.


[229]

[230 <./files/2883468a9ebb8ca7f739050f6d48d9cc.pdf>]
Package mdframed Info: mdframed inside float 
 mdframed uses option nobreak mdframed on input line 769.
Package mdframed Info: mdframed inside a box 
 mdframed uses option nobreak mdframed on input line 769.
<files/27ea154e34f4c0befef57f33617c12d4.pdf, id=8836, 713.63635pt x 279.96722pt
>
File: files/27ea154e34f4c0befef57f33617c12d4.pdf Graphic file (type pdf)
<use files/27ea154e34f4c0befef57f33617c12d4.pdf>
Package pdftex.def Info: files/27ea154e34f4c0befef57f33617c12d4.pdf  used on in
put line 772.
(pdftex.def)             Requested size: 338.58632pt x 132.83202pt.
File: files/27ea154e34f4c0befef57f33617c12d4.pdf Graphic file (type pdf)
<use files/27ea154e34f4c0befef57f33617c12d4.pdf>
Package pdftex.def Info: files/27ea154e34f4c0befef57f33617c12d4.pdf  used on in
put line 772.
(pdftex.def)             Requested size: 338.58632pt x 132.83202pt.


[231]

[232 <./files/27ea154e34f4c0befef57f33617c12d4.pdf>])

[233]
\openout2 = `myst-chap-14-ensemble.aux'.

 (./myst-chap-14-ensemble.tex
Chapter 15.


[234




]

[235]

[236]

[237]

[238]

[239]

[240]
<files/stack-3e9ffe3958276cc8c46568c50b93cdb8.pdf, id=9053, 313.17pt x 138.2766
pt>
File: files/stack-3e9ffe3958276cc8c46568c50b93cdb8.pdf Graphic file (type pdf)
<use files/stack-3e9ffe3958276cc8c46568c50b93cdb8.pdf>
Package pdftex.def Info: files/stack-3e9ffe3958276cc8c46568c50b93cdb8.pdf  used
 on input line 383.
(pdftex.def)             Requested size: 338.58632pt x 149.50316pt.


[241 <./files/stack-3e9ffe3958276cc8c46568c50b93cdb8.pdf>]
Package mdframed Info: Not enough space on this page on input line 431.
Package mdframed Info: mdframed inside float 
 mdframed uses option nobreak mdframed on input line 465.
Package mdframed Info: mdframed inside a box 
 mdframed uses option nobreak mdframed on input line 465.
<files/bbe0eec3f90c29f829d7fbdcff102fac.pdf, id=9087, 858.97353pt x 279.96722pt
>
File: files/bbe0eec3f90c29f829d7fbdcff102fac.pdf Graphic file (type pdf)
<use files/bbe0eec3f90c29f829d7fbdcff102fac.pdf>
Package pdftex.def Info: files/bbe0eec3f90c29f829d7fbdcff102fac.pdf  used on in
put line 468.
(pdftex.def)             Requested size: 338.58632pt x 110.35301pt.
File: files/bbe0eec3f90c29f829d7fbdcff102fac.pdf Graphic file (type pdf)
<use files/bbe0eec3f90c29f829d7fbdcff102fac.pdf>
Package pdftex.def Info: files/bbe0eec3f90c29f829d7fbdcff102fac.pdf  used on in
put line 468.
(pdftex.def)             Requested size: 338.58632pt x 110.35301pt.


[242 <./files/bbe0eec3f90c29f829d7fbdcff102fac.pdf>]
Package mdframed Info: mdframed inside float 
 mdframed uses option nobreak mdframed on input line 544.
Package mdframed Info: mdframed inside a box 
 mdframed uses option nobreak mdframed on input line 544.
<files/5f1aeb77891bea391258f63de00844fe.pdf, id=9126, 860.01299pt x 570.93298pt
>
File: files/5f1aeb77891bea391258f63de00844fe.pdf Graphic file (type pdf)
<use files/5f1aeb77891bea391258f63de00844fe.pdf>
Package pdftex.def Info: files/5f1aeb77891bea391258f63de00844fe.pdf  used on in
put line 547.
(pdftex.def)             Requested size: 338.58632pt x 224.7712pt.
File: files/5f1aeb77891bea391258f63de00844fe.pdf Graphic file (type pdf)
<use files/5f1aeb77891bea391258f63de00844fe.pdf>
Package pdftex.def Info: files/5f1aeb77891bea391258f63de00844fe.pdf  used on in
put line 547.
(pdftex.def)             Requested size: 338.58632pt x 224.7712pt.


[243]

[244 <./files/5f1aeb77891bea391258f63de00844fe.pdf>]

[245]
Package mdframed Info: Not enough space on this page on input line 623.
)

[246]

[247]
\openout2 = `myst-chap-15-portfolio-backtesting.aux'.

 (./myst-chap-15-portfolio-backtesting.tex
Chapter 16.


[248




]
<files/backtestoos-a227bd2c5d9c2de16fff5346ebfdc064.pdf, id=9192, 398.48875pt x
 147.55125pt>
File: files/backtestoos-a227bd2c5d9c2de16fff5346ebfdc064.pdf Graphic file (type
 pdf)
<use files/backtestoos-a227bd2c5d9c2de16fff5346ebfdc064.pdf>
Package pdftex.def Info: files/backtestoos-a227bd2c5d9c2de16fff5346ebfdc064.pdf
  used on input line 23.
(pdftex.def)             Requested size: 338.58632pt x 125.37636pt.
<files/backtestoos2-47b34e3efaf3fcd5fe3de35d9717b0da.pdf, id=9193, 341.5962pt x
 117.0774pt>
File: files/backtestoos2-47b34e3efaf3fcd5fe3de35d9717b0da.pdf Graphic file (typ
e pdf)
<use files/backtestoos2-47b34e3efaf3fcd5fe3de35d9717b0da.pdf>
Package pdftex.def Info: files/backtestoos2-47b34e3efaf3fcd5fe3de35d9717b0da.pd
f  used on input line 42.
(pdftex.def)             Requested size: 338.58632pt x 116.04631pt.


[249 <./files/backtestoos-a227bd2c5d9c2de16fff5346ebfdc064.pdf> <./files/backte
stoos2-47b34e3efaf3fcd5fe3de35d9717b0da.pdf>]

[250]

[251]

LaTeX Warning: Reference `sec_mlmetrics' on page 252 undefined on input line 11
9.



[252]

[253]

LaTeX Warning: Reference `eq:apt' on page 254 undefined on input line 192.



[254]

[255]

[256]

[257]

[258]

[259]

[260]

[261]

[262]
Overfull \hbox (0.98898pt too wide) in paragraph at lines 632--643
[] 
 []

Package mdframed Info: mdframed inside float 
 mdframed uses option nobreak mdframed on input line 689.
Package mdframed Info: mdframed inside a box 
 mdframed uses option nobreak mdframed on input line 689.
<files/9bfa1d0ababb282b9edbc571d38c2d42.pdf, id=9577, 713.77763pt x 569.22728pt
>
File: files/9bfa1d0ababb282b9edbc571d38c2d42.pdf Graphic file (type pdf)
<use files/9bfa1d0ababb282b9edbc571d38c2d42.pdf>
Package pdftex.def Info: files/9bfa1d0ababb282b9edbc571d38c2d42.pdf  used on in
put line 692.
(pdftex.def)             Requested size: 338.58632pt x 270.02097pt.
File: files/9bfa1d0ababb282b9edbc571d38c2d42.pdf Graphic file (type pdf)
<use files/9bfa1d0ababb282b9edbc571d38c2d42.pdf>
Package pdftex.def Info: files/9bfa1d0ababb282b9edbc571d38c2d42.pdf  used on in
put line 692.
(pdftex.def)             Requested size: 338.58632pt x 270.02097pt.

LaTeX Warning: Reference `##backov' on page 263 undefined on input line 700.



[263]

[264 <./files/9bfa1d0ababb282b9edbc571d38c2d42.pdf>]
Package mdframed Info: mdframed inside float 
 mdframed uses option nobreak mdframed on input line 782.
Package mdframed Info: mdframed inside a box 
 mdframed uses option nobreak mdframed on input line 782.
<files/0e8c8b7708bd7b7795d38bf77f2f91c6.pdf, id=9644, 570.0541pt x 569.00078pt>

File: files/0e8c8b7708bd7b7795d38bf77f2f91c6.pdf Graphic file (type pdf)
<use files/0e8c8b7708bd7b7795d38bf77f2f91c6.pdf>
Package pdftex.def Info: files/0e8c8b7708bd7b7795d38bf77f2f91c6.pdf  used on in
put line 785.
(pdftex.def)             Requested size: 338.58632pt x 337.96492pt.
File: files/0e8c8b7708bd7b7795d38bf77f2f91c6.pdf Graphic file (type pdf)
<use files/0e8c8b7708bd7b7795d38bf77f2f91c6.pdf>
Package pdftex.def Info: files/0e8c8b7708bd7b7795d38bf77f2f91c6.pdf  used on in
put line 785.
(pdftex.def)             Requested size: 338.58632pt x 337.96492pt.


[265]

[266 <./files/0e8c8b7708bd7b7795d38bf77f2f91c6.pdf>])

[267]
\openout2 = `myst-chap-16-uncertainty.aux'.

 (./myst-chap-16-uncertainty.tex
Chapter 17.


[268




]

[269]

[270]

[271]
<files/3e3389da7ba18b1bfee206533660d199.pdf, id=9754, 859.27083pt x 280.25641pt
>
File: files/3e3389da7ba18b1bfee206533660d199.pdf Graphic file (type pdf)
<use files/3e3389da7ba18b1bfee206533660d199.pdf>
Package pdftex.def Info: files/3e3389da7ba18b1bfee206533660d199.pdf  used on in
put line 223.
(pdftex.def)             Requested size: 338.58632pt x 110.43279pt.

Overfull \hbox (17.0pt too wide) in paragraph at lines 223--224
[][] 
 []



[272 <./files/3e3389da7ba18b1bfee206533660d199.pdf>]

[273])

[274]
\openout2 = `myst-chap-17-design-uncertainty.aux'.

 (./myst-chap-17-design-uncertainty.tex
Chapter 18.


[275




]

[276]

[277]

[278]

[279]
<files/1a7fe655332a1ac1304f014838fcc4a6.pdf, id=9979, 463.32797pt x 389.91234pt
>
File: files/1a7fe655332a1ac1304f014838fcc4a6.pdf Graphic file (type pdf)
<use files/1a7fe655332a1ac1304f014838fcc4a6.pdf>
Package pdftex.def Info: files/1a7fe655332a1ac1304f014838fcc4a6.pdf  used on in
put line 296.
(pdftex.def)             Requested size: 338.58632pt x 284.94301pt.

Overfull \hbox (17.0pt too wide) in paragraph at lines 296--297
[][] 
 []



[280]

[281 <./files/1a7fe655332a1ac1304f014838fcc4a6.pdf>]

[282]
<files/888a8e2c1a443e4bd2197b85aa3d18b9.pdf, id=10045, 462.92259pt x 534.40694p
t>
File: files/888a8e2c1a443e4bd2197b85aa3d18b9.pdf Graphic file (type pdf)
<use files/888a8e2c1a443e4bd2197b85aa3d18b9.pdf>
Package pdftex.def Info: files/888a8e2c1a443e4bd2197b85aa3d18b9.pdf  used on in
put line 434.
(pdftex.def)             Requested size: 338.58632pt x 390.88033pt.

Overfull \hbox (17.0pt too wide) in paragraph at lines 434--435
[][] 
 []



[283]

[284 <./files/888a8e2c1a443e4bd2197b85aa3d18b9.pdf>]
Package mdframed Info: Not enough space on this page on input line 466.


[285])

[286]

[287



]
\openout2 = `myst-chap-18-complexity.aux'.

 (./myst-chap-18-complexity.tex
Chapter 19.


[288


]

[289]

[290]
Package mdframed Info: mdframed inside float 
 mdframed uses option nobreak mdframed on input line 199.
Package mdframed Info: mdframed inside a box 
 mdframed uses option nobreak mdframed on input line 199.
<files/4580dc3132cd81bc721a6299b0b26341.pdf, id=10207, 785.75809pt x 350.82944p
t>
File: files/4580dc3132cd81bc721a6299b0b26341.pdf Graphic file (type pdf)
<use files/4580dc3132cd81bc721a6299b0b26341.pdf>
Package pdftex.def Info: files/4580dc3132cd81bc721a6299b0b26341.pdf  used on in
put line 202.
(pdftex.def)             Requested size: 338.58632pt x 151.1749pt.
File: files/4580dc3132cd81bc721a6299b0b26341.pdf Graphic file (type pdf)
<use files/4580dc3132cd81bc721a6299b0b26341.pdf>
Package pdftex.def Info: files/4580dc3132cd81bc721a6299b0b26341.pdf  used on in
put line 202.
(pdftex.def)             Requested size: 338.58632pt x 151.1749pt.


[291]

[292 <./files/4580dc3132cd81bc721a6299b0b26341.pdf>]

Package hyperref Warning: Token not allowed in a PDF string (Unicode):
(hyperref)                removing `math shift' on input line 216.


Package hyperref Warning: Token not allowed in a PDF string (Unicode):
(hyperref)                removing `superscript' on input line 216.


Package hyperref Warning: Token not allowed in a PDF string (Unicode):
(hyperref)                removing `math shift' on input line 216.

Package mdframed Info: mdframed inside float 
 mdframed uses option nobreak mdframed on input line 245.
Package mdframed Info: mdframed inside a box 
 mdframed uses option nobreak mdframed on input line 245.
<files/3204ca5cc90a840e4bc5ddc36c3918cc.pdf, id=10293, 785.27429pt x 315.07776p
t>
File: files/3204ca5cc90a840e4bc5ddc36c3918cc.pdf Graphic file (type pdf)
<use files/3204ca5cc90a840e4bc5ddc36c3918cc.pdf>
Package pdftex.def Info: files/3204ca5cc90a840e4bc5ddc36c3918cc.pdf  used on in
put line 248.
(pdftex.def)             Requested size: 338.58632pt x 135.85098pt.
File: files/3204ca5cc90a840e4bc5ddc36c3918cc.pdf Graphic file (type pdf)
<use files/3204ca5cc90a840e4bc5ddc36c3918cc.pdf>
Package pdftex.def Info: files/3204ca5cc90a840e4bc5ddc36c3918cc.pdf  used on in
put line 248.
(pdftex.def)             Requested size: 338.58632pt x 135.85098pt.


[293 <./files/3204ca5cc90a840e4bc5ddc36c3918cc.pdf>]
Package mdframed Info: mdframed inside float 
 mdframed uses option nobreak mdframed on input line 301.
Package mdframed Info: mdframed inside a box 
 mdframed uses option nobreak mdframed on input line 301.
<files/03f988900aee24a2543fcdab9ad9ebb8.pdf, id=10358, 787.0335pt x 350.82944pt
>
File: files/03f988900aee24a2543fcdab9ad9ebb8.pdf Graphic file (type pdf)
<use files/03f988900aee24a2543fcdab9ad9ebb8.pdf>
Package pdftex.def Info: files/03f988900aee24a2543fcdab9ad9ebb8.pdf  used on in
put line 304.
(pdftex.def)             Requested size: 338.58632pt x 150.92865pt.
File: files/03f988900aee24a2543fcdab9ad9ebb8.pdf Graphic file (type pdf)
<use files/03f988900aee24a2543fcdab9ad9ebb8.pdf>
Package pdftex.def Info: files/03f988900aee24a2543fcdab9ad9ebb8.pdf  used on in
put line 304.
(pdftex.def)             Requested size: 338.58632pt x 150.92865pt.


[294]

[295 <./files/03f988900aee24a2543fcdab9ad9ebb8.pdf>]

[296]

[297])

[298]
\openout2 = `myst-chap-19-interpretability.aux'.

 (./myst-chap-19-interpretability.tex
Chapter 20.


[299




]

[300]
Package mdframed Info: mdframed inside float 
 mdframed uses option nobreak mdframed on input line 118.
Package mdframed Info: mdframed inside a box 
 mdframed uses option nobreak mdframed on input line 118.
<files/2d256e4b98aa465f5f4aea7b1b1ed876.pdf, id=10548, 860.01299pt x 570.97128p
t>
File: files/2d256e4b98aa465f5f4aea7b1b1ed876.pdf Graphic file (type pdf)
<use files/2d256e4b98aa465f5f4aea7b1b1ed876.pdf>
Package pdftex.def Info: files/2d256e4b98aa465f5f4aea7b1b1ed876.pdf  used on in
put line 121.
(pdftex.def)             Requested size: 338.58632pt x 224.78629pt.
File: files/2d256e4b98aa465f5f4aea7b1b1ed876.pdf Graphic file (type pdf)
<use files/2d256e4b98aa465f5f4aea7b1b1ed876.pdf>
Package pdftex.def Info: files/2d256e4b98aa465f5f4aea7b1b1ed876.pdf  used on in
put line 121.
(pdftex.def)             Requested size: 338.58632pt x 224.78629pt.


[301 <./files/2d256e4b98aa465f5f4aea7b1b1ed876.pdf>]
Package mdframed Info: mdframed inside float 
 mdframed uses option nobreak mdframed on input line 210.
Package mdframed Info: mdframed inside a box 
 mdframed uses option nobreak mdframed on input line 210.
<files/a63c35ac9c1de559e5309910bba01baa.pdf, id=10603, 714.4862pt x 424.7928pt>

File: files/a63c35ac9c1de559e5309910bba01baa.pdf Graphic file (type pdf)
<use files/a63c35ac9c1de559e5309910bba01baa.pdf>
Package pdftex.def Info: files/a63c35ac9c1de559e5309910bba01baa.pdf  used on in
put line 213.
(pdftex.def)             Requested size: 338.58632pt x 201.3055pt.
File: files/a63c35ac9c1de559e5309910bba01baa.pdf Graphic file (type pdf)
<use files/a63c35ac9c1de559e5309910bba01baa.pdf>
Package pdftex.def Info: files/a63c35ac9c1de559e5309910bba01baa.pdf  used on in
put line 213.
(pdftex.def)             Requested size: 338.58632pt x 201.3055pt.


[302]

[303 <./files/a63c35ac9c1de559e5309910bba01baa.pdf>]
Package mdframed Info: mdframed inside float 
 mdframed uses option nobreak mdframed on input line 296.
Package mdframed Info: mdframed inside a box 
 mdframed uses option nobreak mdframed on input line 296.
<files/560a7c270fdc4cccecb7c07bb13bf8eb.pdf, id=10661, 714.70198pt x 424.7928pt
>
File: files/560a7c270fdc4cccecb7c07bb13bf8eb.pdf Graphic file (type pdf)
<use files/560a7c270fdc4cccecb7c07bb13bf8eb.pdf>
Package pdftex.def Info: files/560a7c270fdc4cccecb7c07bb13bf8eb.pdf  used on in
put line 299.
(pdftex.def)             Requested size: 338.58632pt x 201.24068pt.
File: files/560a7c270fdc4cccecb7c07bb13bf8eb.pdf Graphic file (type pdf)
<use files/560a7c270fdc4cccecb7c07bb13bf8eb.pdf>
Package pdftex.def Info: files/560a7c270fdc4cccecb7c07bb13bf8eb.pdf  used on in
put line 299.
(pdftex.def)             Requested size: 338.58632pt x 201.24068pt.


[304]

[305 <./files/560a7c270fdc4cccecb7c07bb13bf8eb.pdf>]
Package mdframed Info: mdframed inside float 
 mdframed uses option nobreak mdframed on input line 347.
Package mdframed Info: mdframed inside a box 
 mdframed uses option nobreak mdframed on input line 347.
<files/8938e88cead059e1f28fa173a17dbf2c.pdf, id=10716, 569.96625pt x 424.54547p
t>
File: files/8938e88cead059e1f28fa173a17dbf2c.pdf Graphic file (type pdf)
<use files/8938e88cead059e1f28fa173a17dbf2c.pdf>
Package pdftex.def Info: files/8938e88cead059e1f28fa173a17dbf2c.pdf  used on in
put line 350.
(pdftex.def)             Requested size: 338.58632pt x 252.20929pt.
File: files/8938e88cead059e1f28fa173a17dbf2c.pdf Graphic file (type pdf)
<use files/8938e88cead059e1f28fa173a17dbf2c.pdf>
Package pdftex.def Info: files/8938e88cead059e1f28fa173a17dbf2c.pdf  used on in
put line 350.
(pdftex.def)             Requested size: 338.58632pt x 252.20929pt.


[306]

[307 <./files/8938e88cead059e1f28fa173a17dbf2c.pdf>]
<files/lime-b5024fe6e6e8048b636e5f7966797589.pdf, id=10769, 1606.08026pt x 1458
.40855pt>
File: files/lime-b5024fe6e6e8048b636e5f7966797589.pdf Graphic file (type pdf)
<use files/lime-b5024fe6e6e8048b636e5f7966797589.pdf>
Package pdftex.def Info: files/lime-b5024fe6e6e8048b636e5f7966797589.pdf  used 
on input line 391.
(pdftex.def)             Requested size: 338.58632pt x 307.45427pt.


[308 <./files/lime-b5024fe6e6e8048b636e5f7966797589.pdf>]
Package mdframed Info: mdframed inside float 
 mdframed uses option nobreak mdframed on input line 481.
Package mdframed Info: mdframed inside a box 
 mdframed uses option nobreak mdframed on input line 481.
<files/86db60644020eb17540d4eb46ff320e3.pdf, id=10812, 715.5552pt x 713.75092pt
>
File: files/86db60644020eb17540d4eb46ff320e3.pdf Graphic file (type pdf)
<use files/86db60644020eb17540d4eb46ff320e3.pdf>
Package pdftex.def Info: files/86db60644020eb17540d4eb46ff320e3.pdf  used on in
put line 484.
(pdftex.def)             Requested size: 338.58632pt x 337.73918pt.
File: files/86db60644020eb17540d4eb46ff320e3.pdf Graphic file (type pdf)
<use files/86db60644020eb17540d4eb46ff320e3.pdf>
Package pdftex.def Info: files/86db60644020eb17540d4eb46ff320e3.pdf  used on in
put line 484.
(pdftex.def)             Requested size: 338.58632pt x 337.73918pt.


[309]

[310 <./files/86db60644020eb17540d4eb46ff320e3.pdf>]
Package mdframed Info: Not enough space on this page on input line 551.


[311]
Package mdframed Info: Not enough space on this page on input line 551.
Package mdframed Info: mdframed inside float 
 mdframed uses option nobreak mdframed on input line 577.
Package mdframed Info: mdframed inside a box 
 mdframed uses option nobreak mdframed on input line 577.
<files/5f4e60dc4dd6eb41c2b750bde9b5b67b.png, id=10905, 25.09375pt x 22.0825pt>
File: files/5f4e60dc4dd6eb41c2b750bde9b5b67b.png Graphic file (type png)
<use files/5f4e60dc4dd6eb41c2b750bde9b5b67b.png>
Package pdftex.def Info: files/5f4e60dc4dd6eb41c2b750bde9b5b67b.png  used on in
put line 584.
(pdftex.def)             Requested size: 338.58632pt x 298.3264pt.
<files/b40cbad58b0872bd8bb1e7bfd709401d.pdf, id=10906, 566.1338pt x 322.25708pt
>
File: files/b40cbad58b0872bd8bb1e7bfd709401d.pdf Graphic file (type pdf)
<use files/b40cbad58b0872bd8bb1e7bfd709401d.pdf>
Package pdftex.def Info: files/b40cbad58b0872bd8bb1e7bfd709401d.pdf  used on in
put line 584.
(pdftex.def)             Requested size: 338.58632pt x 192.73125pt.
<files/ef0e6757ee3fb1c62d730f579180a991.pdf, id=10907, 455.23512pt x 338.76437p
t>
File: files/ef0e6757ee3fb1c62d730f579180a991.pdf Graphic file (type pdf)
<use files/ef0e6757ee3fb1c62d730f579180a991.pdf>
Package pdftex.def Info: files/ef0e6757ee3fb1c62d730f579180a991.pdf  used on in
put line 584.
(pdftex.def)             Requested size: 338.58632pt x 251.96364pt.
File: files/5f4e60dc4dd6eb41c2b750bde9b5b67b.png Graphic file (type png)
<use files/5f4e60dc4dd6eb41c2b750bde9b5b67b.png>
Package pdftex.def Info: files/5f4e60dc4dd6eb41c2b750bde9b5b67b.png  used on in
put line 584.
(pdftex.def)             Requested size: 338.58632pt x 298.3264pt.
File: files/b40cbad58b0872bd8bb1e7bfd709401d.pdf Graphic file (type pdf)
<use files/b40cbad58b0872bd8bb1e7bfd709401d.pdf>
Package pdftex.def Info: files/b40cbad58b0872bd8bb1e7bfd709401d.pdf  used on in
put line 584.
(pdftex.def)             Requested size: 338.58632pt x 192.73125pt.
File: files/ef0e6757ee3fb1c62d730f579180a991.pdf Graphic file (type pdf)
<use files/ef0e6757ee3fb1c62d730f579180a991.pdf>
Package pdftex.def Info: files/ef0e6757ee3fb1c62d730f579180a991.pdf  used on in
put line 584.
(pdftex.def)             Requested size: 338.58632pt x 251.96364pt.


LaTeX Warning: Float too large for page by 264.56456pt on input line 586.

Package mdframed Info: mdframed inside float 
 mdframed uses option nobreak mdframed on input line 638.
Package mdframed Info: mdframed inside a box 
 mdframed uses option nobreak mdframed on input line 638.
<files/e7646d9fce39070de99a4394500cf3d9.pdf, id=10914, 577.07747pt x 349.58969p
t>
File: files/e7646d9fce39070de99a4394500cf3d9.pdf Graphic file (type pdf)
<use files/e7646d9fce39070de99a4394500cf3d9.pdf>
Package pdftex.def Info: files/e7646d9fce39070de99a4394500cf3d9.pdf  used on in
put line 641.
(pdftex.def)             Requested size: 338.58632pt x 205.11458pt.
File: files/e7646d9fce39070de99a4394500cf3d9.pdf Graphic file (type pdf)
<use files/e7646d9fce39070de99a4394500cf3d9.pdf>
Package pdftex.def Info: files/e7646d9fce39070de99a4394500cf3d9.pdf  used on in
put line 641.
(pdftex.def)             Requested size: 338.58632pt x 205.11458pt.
)

[312]

[313 <./files/5f4e60dc4dd6eb41c2b750bde9b5b67b.png> <./files/b40cbad58b0872bd8b
b1e7bfd709401d.pdf> <./files/ef0e6757ee3fb1c62d730f579180a991.pdf>]

[314 <./files/e7646d9fce39070de99a4394500cf3d9.pdf>]
\openout2 = `myst-chap-20-causality.aux'.


(./myst-chap-20-causality.tex
Chapter 21.

LaTeX Warning: Reference `sec_notations' on page 315 undefined on input line 9.




[315




]

[316]

[317]

[318]
Package mdframed Info: Not enough space on this page on input line 218.


[319]

[320]

[321]
Package mdframed Info: Not enough space on this page on input line 349.


[322]

[323]

[324]

[325]
Package mdframed Info: mdframed inside float 
 mdframed uses option nobreak mdframed on input line 655.
Package mdframed Info: mdframed inside a box 
 mdframed uses option nobreak mdframed on input line 655.
<files/8db47c4c82a53a87d2db7934534432e7.pdf, id=11218, 853.50932pt x 713.79172p
t>
File: files/8db47c4c82a53a87d2db7934534432e7.pdf Graphic file (type pdf)
<use files/8db47c4c82a53a87d2db7934534432e7.pdf>
Package pdftex.def Info: files/8db47c4c82a53a87d2db7934534432e7.pdf  used on in
put line 658.
(pdftex.def)             Requested size: 338.58632pt x 283.15904pt.
File: files/8db47c4c82a53a87d2db7934534432e7.pdf Graphic file (type pdf)
<use files/8db47c4c82a53a87d2db7934534432e7.pdf>
Package pdftex.def Info: files/8db47c4c82a53a87d2db7934534432e7.pdf  used on in
put line 658.
(pdftex.def)             Requested size: 338.58632pt x 283.15904pt.
<files/conceptchange-9c271d1d6e6c8f363952613516aaf13c.pdf, id=11222, 341.5962pt
 x 233.4321pt>
File: files/conceptchange-9c271d1d6e6c8f363952613516aaf13c.pdf Graphic file (ty
pe pdf)
<use files/conceptchange-9c271d1d6e6c8f363952613516aaf13c.pdf>
Package pdftex.def Info: files/conceptchange-9c271d1d6e6c8f363952613516aaf13c.p
df  used on input line 677.
(pdftex.def)             Requested size: 338.58632pt x 231.37631pt.


[326]

[327 <./files/8db47c4c82a53a87d2db7934534432e7.pdf>]
Package mdframed Info: mdframed inside float 
 mdframed uses option nobreak mdframed on input line 719.
Package mdframed Info: mdframed inside a box 
 mdframed uses option nobreak mdframed on input line 719.
<files/fb00463a09b3cbdacd623709c6bc3abe.pdf, id=11279, 714.58784pt x 424.63081p
t>
File: files/fb00463a09b3cbdacd623709c6bc3abe.pdf Graphic file (type pdf)
<use files/fb00463a09b3cbdacd623709c6bc3abe.pdf>
Package pdftex.def Info: files/fb00463a09b3cbdacd623709c6bc3abe.pdf  used on in
put line 722.
(pdftex.def)             Requested size: 338.58632pt x 201.20282pt.
File: files/fb00463a09b3cbdacd623709c6bc3abe.pdf Graphic file (type pdf)
<use files/fb00463a09b3cbdacd623709c6bc3abe.pdf>
Package pdftex.def Info: files/fb00463a09b3cbdacd623709c6bc3abe.pdf  used on in
put line 722.
(pdftex.def)             Requested size: 338.58632pt x 201.20282pt.
Package mdframed Info: mdframed inside float 
 mdframed uses option nobreak mdframed on input line 756.
Package mdframed Info: mdframed inside a box 
 mdframed uses option nobreak mdframed on input line 756.
<files/e41365a89086e785b781e2cf9a9a4077.pdf, id=11284, 714.61168pt x 424.77197p
t>
File: files/e41365a89086e785b781e2cf9a9a4077.pdf Graphic file (type pdf)
<use files/e41365a89086e785b781e2cf9a9a4077.pdf>
Package pdftex.def Info: files/e41365a89086e785b781e2cf9a9a4077.pdf  used on in
put line 759.
(pdftex.def)             Requested size: 338.58632pt x 201.26321pt.
File: files/e41365a89086e785b781e2cf9a9a4077.pdf Graphic file (type pdf)
<use files/e41365a89086e785b781e2cf9a9a4077.pdf>
Package pdftex.def Info: files/e41365a89086e785b781e2cf9a9a4077.pdf  used on in
put line 759.
(pdftex.def)             Requested size: 338.58632pt x 201.26321pt.


[328 <./files/conceptchange-9c271d1d6e6c8f363952613516aaf13c.pdf>]

[329 <./files/fb00463a09b3cbdacd623709c6bc3abe.pdf>]

[330 <./files/e41365a89086e785b781e2cf9a9a4077.pdf>]
Package mdframed Info: Not enough space on this page on input line 773.
Package mdframed Info: mdframed inside float 
 mdframed uses option nobreak mdframed on input line 861.
Package mdframed Info: mdframed inside a box 
 mdframed uses option nobreak mdframed on input line 861.
<files/4a9cca9857e083ade396bed4108f24a4.pdf, id=11415, 859.00862pt x 569.08545p
t>
File: files/4a9cca9857e083ade396bed4108f24a4.pdf Graphic file (type pdf)
<use files/4a9cca9857e083ade396bed4108f24a4.pdf>
Package pdftex.def Info: files/4a9cca9857e083ade396bed4108f24a4.pdf  used on in
put line 864.
(pdftex.def)             Requested size: 338.58632pt x 224.30435pt.
File: files/4a9cca9857e083ade396bed4108f24a4.pdf Graphic file (type pdf)
<use files/4a9cca9857e083ade396bed4108f24a4.pdf>
Package pdftex.def Info: files/4a9cca9857e083ade396bed4108f24a4.pdf  used on in
put line 864.
(pdftex.def)             Requested size: 338.58632pt x 224.30435pt.


LaTeX Warning: Float too large for page by 367.34763pt on input line 866.



[331]

[332 <./files/4a9cca9857e083ade396bed4108f24a4.pdf>]
Package mdframed Info: Not enough space on this page on input line 982.


[333]
Package mdframed Info: Not enough space on this page on input line 982.
Package mdframed Info: mdframed inside float 
 mdframed uses option nobreak mdframed on input line 1018.
Package mdframed Info: mdframed inside a box 
 mdframed uses option nobreak mdframed on input line 1018.
<files/dacf2d8718e434a29a69038283839d06.pdf, id=11480, 1003.65027pt x 353.54349
pt>
File: files/dacf2d8718e434a29a69038283839d06.pdf Graphic file (type pdf)
<use files/dacf2d8718e434a29a69038283839d06.pdf>
Package pdftex.def Info: files/dacf2d8718e434a29a69038283839d06.pdf  used on in
put line 1021.
(pdftex.def)             Requested size: 338.58632pt x 119.26991pt.
File: files/dacf2d8718e434a29a69038283839d06.pdf Graphic file (type pdf)
<use files/dacf2d8718e434a29a69038283839d06.pdf>
Package pdftex.def Info: files/dacf2d8718e434a29a69038283839d06.pdf  used on in
put line 1021.
(pdftex.def)             Requested size: 338.58632pt x 119.26991pt.


[334 <./files/dacf2d8718e434a29a69038283839d06.pdf>]

[335])

[336]
\openout2 = `myst-chap-21-unsupervised.aux'.

 (./myst-chap-21-unsupervised.tex
Chapter 22.


[337




]
Underfull \hbox (badness 10000) in paragraph at lines 81--81
[]\T1/lmr/m/n/10.95 -
 []


Underfull \hbox (badness 10000) in paragraph at lines 83--83
[]\T1/lmr/m/n/10.95 -
 []


Overfull \hbox (52.2915pt too wide) in paragraph at lines 85--85
[]\T1/lmr/m/n/10.95 Basic_EPS_Growth_1Y| 
 []


Overfull \hbox (12.7353pt too wide) in paragraph at lines 87--87
[]\T1/lmr/m/n/10.95 Book_Value_PS| 
 []


Overfull \hbox (6.196pt too wide) in paragraph at lines 89--89
[]\T1/lmr/m/n/10.95 Buyback_Yield| 
 []


Underfull \hbox (badness 10000) in paragraph at lines 89--89
[]\T1/lmr/m/n/10.95 -
 []


Underfull \hbox (badness 10000) in paragraph at lines 93--93
[]\T1/lmr/m/n/10.95 -
 []


Overfull \hbox (21.2828pt too wide) in paragraph at lines 97--97
[]\T1/lmr/m/n/10.95 Mom_Sharp_11M| 
 []


Underfull \hbox (badness 10000) in paragraph at lines 97--97
[]\T1/lmr/m/n/10.95 -
 []


Overfull \hbox (15.80782pt too wide) in paragraph at lines 99--99
[]\T1/lmr/m/n/10.95 Mom_Sharp_5M| 
 []


Underfull \hbox (badness 10000) in paragraph at lines 99--99
[]\T1/lmr/m/n/10.95 -
 []


Overfull \hbox (0.98898pt too wide) in paragraph at lines 76--105
[] 
 []



[338]
<files/c8b8071313cb1c9a0d37ed49b3236431.pdf, id=11599, 648.25917pt x 569.9744pt
>
File: files/c8b8071313cb1c9a0d37ed49b3236431.pdf Graphic file (type pdf)
<use files/c8b8071313cb1c9a0d37ed49b3236431.pdf>
Package pdftex.def Info: files/c8b8071313cb1c9a0d37ed49b3236431.pdf  used on in
put line 127.
(pdftex.def)             Requested size: 338.58632pt x 297.69296pt.

Overfull \hbox (17.0pt too wide) in paragraph at lines 127--128
[][] 
 []



[339 <./files/c8b8071313cb1c9a0d37ed49b3236431.pdf>]

[340]
Overfull \hbox (23.99063pt too wide) in paragraph at lines 244--244
[]\T1/lmr/m/n/10.95 size_avg_252d| 
 []


Overfull \hbox (41.52528pt too wide) in paragraph at lines 248--248
[]\T1/lmr/m/n/10.95 OCF_Growth_1Y| 
 []



[341]
<files/7bc5219b84164419d76f108fb1a69720.pdf, id=11655, 525.95323pt x 406.15913p
t>
File: files/7bc5219b84164419d76f108fb1a69720.pdf Graphic file (type pdf)
<use files/7bc5219b84164419d76f108fb1a69720.pdf>
Package pdftex.def Info: files/7bc5219b84164419d76f108fb1a69720.pdf  used on in
put line 293.
(pdftex.def)             Requested size: 338.58632pt x 261.47174pt.

Overfull \hbox (17.0pt too wide) in paragraph at lines 293--294
[][] 
 []



[342 <./files/7bc5219b84164419d76f108fb1a69720.pdf>]

[343]
<files/08094cd3ae92cd30057e33e45e0dbedd.pdf, id=11725, 859.72946pt x 280.0751pt
>
File: files/08094cd3ae92cd30057e33e45e0dbedd.pdf Graphic file (type pdf)
<use files/08094cd3ae92cd30057e33e45e0dbedd.pdf>
Package pdftex.def Info: files/08094cd3ae92cd30057e33e45e0dbedd.pdf  used on in
put line 371.
(pdftex.def)             Requested size: 338.58632pt x 110.30151pt.

Overfull \hbox (17.0pt too wide) in paragraph at lines 371--372
[][] 
 []



[344 <./files/08094cd3ae92cd30057e33e45e0dbedd.pdf>]

[345]
Package mdframed Info: Not enough space on this page on input line 477.
<files/154286307a914e87e74792ecd519c7ff.pdf, id=11787, 859.72946pt x 280.0751pt
>
File: files/154286307a914e87e74792ecd519c7ff.pdf Graphic file (type pdf)
<use files/154286307a914e87e74792ecd519c7ff.pdf>
Package pdftex.def Info: files/154286307a914e87e74792ecd519c7ff.pdf  used on in
put line 524.
(pdftex.def)             Requested size: 338.58632pt x 110.30151pt.

Overfull \hbox (17.0pt too wide) in paragraph at lines 524--525
[][] 
 []



[346 <./files/154286307a914e87e74792ecd519c7ff.pdf>]
Package mdframed Info: Not enough space on this page on input line 546.


[347]
<files/d402c6e3b6ae46502612b3cde9ca3803.pdf, id=11838, 570.55719pt x 424.61511p
t>
File: files/d402c6e3b6ae46502612b3cde9ca3803.pdf Graphic file (type pdf)
<use files/d402c6e3b6ae46502612b3cde9ca3803.pdf>
Package pdftex.def Info: files/d402c6e3b6ae46502612b3cde9ca3803.pdf  used on in
put line 615.
(pdftex.def)             Requested size: 338.58632pt x 251.98502pt.

Overfull \hbox (17.0pt too wide) in paragraph at lines 615--616
[][] 
 []



[348 <./files/d402c6e3b6ae46502612b3cde9ca3803.pdf>]

[349]
<files/5836668980c97017a580f41498802e7a.pdf, id=11889, 859.57948pt x 280.0751pt
>
File: files/5836668980c97017a580f41498802e7a.pdf Graphic file (type pdf)
<use files/5836668980c97017a580f41498802e7a.pdf>
Package pdftex.def Info: files/5836668980c97017a580f41498802e7a.pdf  used on in
put line 771.
(pdftex.def)             Requested size: 338.58632pt x 110.3186pt.

Overfull \hbox (17.0pt too wide) in paragraph at lines 771--772
[][] 
 []



[350 <./files/5836668980c97017a580f41498802e7a.pdf>]
Package mdframed Info: Not enough space on this page on input line 775.
<files/47b87db651b6c23eaa1be356f69cee00.pdf, id=11941, 715.15178pt x 352.58817p
t>
File: files/47b87db651b6c23eaa1be356f69cee00.pdf Graphic file (type pdf)
<use files/47b87db651b6c23eaa1be356f69cee00.pdf>
Package pdftex.def Info: files/47b87db651b6c23eaa1be356f69cee00.pdf  used on in
put line 797.
(pdftex.def)             Requested size: 338.58632pt x 166.93234pt.

Overfull \hbox (17.0pt too wide) in paragraph at lines 797--798
[][] 
 []



[351 <./files/47b87db651b6c23eaa1be356f69cee00.pdf>]
Package mdframed Info: Not enough space on this page on input line 870.


[352]
Package mdframed Info: Not enough space on this page on input line 870.
Package mdframed Info: Not enough space on this page on input line 926.


[353]
Package mdframed Info: Not enough space on this page on input line 926.
<files/5a1e7219de6798ee5ee6a7334f70395b.pdf, id=12023, 715.19449pt x 424.61511p
t>
File: files/5a1e7219de6798ee5ee6a7334f70395b.pdf Graphic file (type pdf)
<use files/5a1e7219de6798ee5ee6a7334f70395b.pdf>
Package pdftex.def Info: files/5a1e7219de6798ee5ee6a7334f70395b.pdf  used on in
put line 961.
(pdftex.def)             Requested size: 338.58632pt x 201.02045pt.

Overfull \hbox (17.0pt too wide) in paragraph at lines 961--962
[][] 
 []



[354 <./files/5a1e7219de6798ee5ee6a7334f70395b.pdf>]
Package mdframed Info: Not enough space on this page on input line 984.


Package mdframed Warning: You got a bad break
(mdframed)                because the last box will be empty
(mdframed)                you have to change it manually
(mdframed)                by changing the text, the space
(mdframed)                or something else on input line 1048.



[355])

[356]
\openout2 = `myst-chap-22-reinforcement-learning.aux'.

 (./myst-chap-22-reinforcement-learning.tex
Chapter 23.
<files/MDP_scheme-eccd226b1f166ca23f97f5ac874f8889.pdf, id=12110, 398.4486pt x 
77.3289pt>
File: files/MDP_scheme-eccd226b1f166ca23f97f5ac874f8889.pdf Graphic file (type 
pdf)
<use files/MDP_scheme-eccd226b1f166ca23f97f5ac874f8889.pdf>
Package pdftex.def Info: files/MDP_scheme-eccd226b1f166ca23f97f5ac874f8889.pdf 
 used on input line 19.
(pdftex.def)             Requested size: 338.58632pt x 65.71216pt.


[357




 <./files/MDP_scheme-eccd226b1f166ca23f97f5ac874f8889.pdf>]

[358]
Underfull \hbox (badness 10000) in paragraph at lines 90--95
[]\T1/lmr/m/n/10.95 $$ \be-gin{aligned} q_\pi(s,a) &= \mathbb{E}\T1/lmr/m/it/10
.95 \pi[G_t|S_t=s,A_t=a] \ &=
 []


Underfull \hbox (badness 10000) in paragraph at lines 121--122

 []



[359]

[360]

[361]

[362]

[363]

[364]

[365]
Overfull \hbox (0.98898pt too wide) in paragraph at lines 459--476
[] 
 []



[366]
Package mdframed Info: mdframed inside float 
 mdframed uses option nobreak mdframed on input line 539.
Package mdframed Info: mdframed inside a box 
 mdframed uses option nobreak mdframed on input line 539.
<files/5339e4b9396959054c44a6714f43952f.pdf, id=12305, 641.56558pt x 280.02116p
t>
File: files/5339e4b9396959054c44a6714f43952f.pdf Graphic file (type pdf)
<use files/5339e4b9396959054c44a6714f43952f.pdf>
Package pdftex.def Info: files/5339e4b9396959054c44a6714f43952f.pdf  used on in
put line 542.
(pdftex.def)             Requested size: 338.58632pt x 147.77812pt.
File: files/5339e4b9396959054c44a6714f43952f.pdf Graphic file (type pdf)
<use files/5339e4b9396959054c44a6714f43952f.pdf>
Package pdftex.def Info: files/5339e4b9396959054c44a6714f43952f.pdf  used on in
put line 542.
(pdftex.def)             Requested size: 338.58632pt x 147.77812pt.


[367]

[368 <./files/5339e4b9396959054c44a6714f43952f.pdf>]

[369]

[370]
Package mdframed Info: mdframed inside float 
 mdframed uses option nobreak mdframed on input line 765.
Package mdframed Info: mdframed inside a box 
 mdframed uses option nobreak mdframed on input line 765.
<files/78baaa7133b7a411a12679c7cb59b8b0.pdf, id=12371, 783.1034pt x 424.71172pt
>
File: files/78baaa7133b7a411a12679c7cb59b8b0.pdf Graphic file (type pdf)
<use files/78baaa7133b7a411a12679c7cb59b8b0.pdf>
Package pdftex.def Info: files/78baaa7133b7a411a12679c7cb59b8b0.pdf  used on in
put line 768.
(pdftex.def)             Requested size: 338.58632pt x 183.62695pt.
File: files/78baaa7133b7a411a12679c7cb59b8b0.pdf Graphic file (type pdf)
<use files/78baaa7133b7a411a12679c7cb59b8b0.pdf>
Package pdftex.def Info: files/78baaa7133b7a411a12679c7cb59b8b0.pdf  used on in
put line 768.
(pdftex.def)             Requested size: 338.58632pt x 183.62695pt.


[371 <./files/78baaa7133b7a411a12679c7cb59b8b0.pdf>]

[372]

[373]
Package mdframed Info: mdframed inside float 
 mdframed uses option nobreak mdframed on input line 978.
Package mdframed Info: mdframed inside a box 
 mdframed uses option nobreak mdframed on input line 978.
<files/58e57e9e6e19ef96444cb3f98197d659.png, id=12436, 1003.8303pt x 354.123pt>

File: files/58e57e9e6e19ef96444cb3f98197d659.png Graphic file (type png)
<use files/58e57e9e6e19ef96444cb3f98197d659.png>
Package pdftex.def Info: files/58e57e9e6e19ef96444cb3f98197d659.png  used on in
put line 981.
(pdftex.def)             Requested size: 338.58632pt x 119.4438pt.
File: files/58e57e9e6e19ef96444cb3f98197d659.png Graphic file (type png)
<use files/58e57e9e6e19ef96444cb3f98197d659.png>
Package pdftex.def Info: files/58e57e9e6e19ef96444cb3f98197d659.png  used on in
put line 981.
(pdftex.def)             Requested size: 338.58632pt x 119.4438pt.


[374]

[375 <./files/58e57e9e6e19ef96444cb3f98197d659.png>]

[376])

[377]

[378



]
\openout2 = `myst-chap-23-nlp-classic.aux'.

 (./myst-chap-23-nlp-classic.tex
Chapter 24.


[379


]
<files/figure_20_1_taxonomy-b9a4f75ffab7a7164fe7d0585f2b1dd1.pdf, id=12524, 932
.28299pt x 534.79799pt>
File: files/figure_20_1_taxonomy-b9a4f75ffab7a7164fe7d0585f2b1dd1.pdf Graphic f
ile (type pdf)
<use files/figure_20_1_taxonomy-b9a4f75ffab7a7164fe7d0585f2b1dd1.pdf>
Package pdftex.def Info: files/figure_20_1_taxonomy-b9a4f75ffab7a7164fe7d0585f2
b1dd1.pdf  used on input line 36.
(pdftex.def)             Requested size: 338.58632pt x 194.23264pt.


[380]

[381 <./files/figure_20_1_taxonomy-b9a4f75ffab7a7164fe7d0585f2b1dd1.pdf>]

[382]

[383]

[384]

[385]

[386
pdfTeX warning (ext4): destination with the same identifier (name{equation.24.1
}) has been already used, duplicate ignored
<argument> ...shipout:D \box_use:N \l_shipout_box 
                                                  \__shipout_drop_firstpage_...
l.241 
      ]
pdfTeX warning (ext4): destination with the same identifier (name{equation.24.1
}) has been already used, duplicate ignored
<to be read again> 
                   \relax 
l.254 \begin{equation}
                      
pdfTeX warning (ext4): destination with the same identifier (name{equation.24.1
}) has been already used, duplicate ignored
<to be read again> 
                   \relax 
l.254 \begin{equation}
                      
pdfTeX warning (ext4): destination with the same identifier (name{equation.24.1
}) has been already used, duplicate ignored
<to be read again> 
                   \relax 
l.254 \begin{equation}
                      
pdfTeX warning (ext4): destination with the same identifier (name{equation.24.1
}) has been already used, duplicate ignored
<to be read again> 
                   \relax 
l.254 \begin{equation}
                      

[387]
<files/figure_20_2_lm_score-b86dd1881505c7ad3da996bd7c706f84.pdf, id=12786, 570
.91792pt x 281.52051pt>
File: files/figure_20_2_lm_score-b86dd1881505c7ad3da996bd7c706f84.pdf Graphic f
ile (type pdf)
<use files/figure_20_2_lm_score-b86dd1881505c7ad3da996bd7c706f84.pdf>
Package pdftex.def Info: files/figure_20_2_lm_score-b86dd1881505c7ad3da996bd7c7
06f84.pdf  used on input line 334.
(pdftex.def)             Requested size: 338.58632pt x 166.95908pt.

Overfull \hbox (17.0pt too wide) in paragraph at lines 334--335
[][] 
 []



[388]
pdfTeX warning (ext4): destination with the same identifier (name{equation.24.1
}) has been already used, duplicate ignored
<to be read again> 
                   \relax 
l.357 \begin{equation}
                      
pdfTeX warning (ext4): destination with the same identifier (name{equation.24.1
}) has been already used, duplicate ignored
<to be read again> 
                   \relax 
l.357 \begin{equation}
                      
pdfTeX warning (ext4): destination with the same identifier (name{equation.24.1
}) has been already used, duplicate ignored
<to be read again> 
                   \relax 
l.357 \begin{equation}
                      
pdfTeX warning (ext4): destination with the same identifier (name{equation.24.1
}) has been already used, duplicate ignored
<to be read again> 
                   \relax 
l.357 \begin{equation}
                      

[389 <./files/figure_20_2_lm_score-b86dd1881505c7ad3da996bd7c706f84.pdf>]
pdfTeX warning (ext4): destination with the same identifier (name{equation.24.1
}) has been already used, duplicate ignored
<to be read again> 
                   \relax 
l.364 \begin{equation}
                      
pdfTeX warning (ext4): destination with the same identifier (name{equation.24.1
}) has been already used, duplicate ignored
<to be read again> 
                   \relax 
l.364 \begin{equation}
                      
pdfTeX warning (ext4): destination with the same identifier (name{equation.24.1
}) has been already used, duplicate ignored
<to be read again> 
                   \relax 
l.364 \begin{equation}
                      
pdfTeX warning (ext4): destination with the same identifier (name{equation.24.1
}) has been already used, duplicate ignored
<to be read again> 
                   \relax 
l.364 \begin{equation}
                      
pdfTeX warning (ext4): destination with the same identifier (name{equation.24.1
}) has been already used, duplicate ignored
<to be read again> 
                   \relax 
l.371 \begin{equation}
                      
pdfTeX warning (ext4): destination with the same identifier (name{equation.24.1
}) has been already used, duplicate ignored
<to be read again> 
                   \relax 
l.371 \begin{equation}
                      
pdfTeX warning (ext4): destination with the same identifier (name{equation.24.1
}) has been already used, duplicate ignored
<to be read again> 
                   \relax 
l.371 \begin{equation}
                      
pdfTeX warning (ext4): destination with the same identifier (name{equation.24.1
}) has been already used, duplicate ignored
<to be read again> 
                   \relax 
l.371 \begin{equation}
                      

[390]
<files/figure_20_2b_ko_lm_r-8f34f57fa12d5e7bd12da50466e4057a.pdf, id=12871, 114
8.62683pt x 389.9255pt>
File: files/figure_20_2b_ko_lm_r-8f34f57fa12d5e7bd12da50466e4057a.pdf Graphic f
ile (type pdf)
<use files/figure_20_2b_ko_lm_r-8f34f57fa12d5e7bd12da50466e4057a.pdf>
Package pdftex.def Info: files/figure_20_2b_ko_lm_r-8f34f57fa12d5e7bd12da50466e
4057a.pdf  used on input line 396.
(pdftex.def)             Requested size: 338.58632pt x 114.93777pt.

Overfull \hbox (17.0pt too wide) in paragraph at lines 396--397
[][] 
 []



[391 <./files/figure_20_2b_ko_lm_r-8f34f57fa12d5e7bd12da50466e4057a.pdf>]
pdfTeX warning (ext4): destination with the same identifier (name{equation.24.1
}) has been already used, duplicate ignored
<to be read again> 
                   \relax 
l.423 \begin{equation}
                      
pdfTeX warning (ext4): destination with the same identifier (name{equation.24.1
}) has been already used, duplicate ignored
<to be read again> 
                   \relax 
l.423 \begin{equation}
                      
pdfTeX warning (ext4): destination with the same identifier (name{equation.24.1
}) has been already used, duplicate ignored
<to be read again> 
                   \relax 
l.423 \begin{equation}
                      
pdfTeX warning (ext4): destination with the same identifier (name{equation.24.1
}) has been already used, duplicate ignored
<to be read again> 
                   \relax 
l.423 \begin{equation}
                      
Package mdframed Info: Not enough space on this page on input line 470.


[392]
Package mdframed Info: Not enough space on this page on input line 470.


[393]
<files/figure_20_3_lda_heat-e9a6882d26eb6734a43933822ad956c3.pdf, id=12968, 699
.59795pt x 426.0605pt>
File: files/figure_20_3_lda_heat-e9a6882d26eb6734a43933822ad956c3.pdf Graphic f
ile (type pdf)
<use files/figure_20_3_lda_heat-e9a6882d26eb6734a43933822ad956c3.pdf>
Package pdftex.def Info: files/figure_20_3_lda_heat-e9a6882d26eb6734a43933822ad
956c3.pdf  used on input line 510.
(pdftex.def)             Requested size: 338.58632pt x 206.19702pt.

Overfull \hbox (17.0pt too wide) in paragraph at lines 510--511
[][] 
 []



[394 <./files/figure_20_3_lda_heat-e9a6882d26eb6734a43933822ad956c3.pdf>]

[395]

[396]

[397]

[398]

[399])

[400]
\openout2 = `myst-chap-24-nlp-embeddings.aux'.

 (./myst-chap-24-nlp-embeddings.tex
Chapter 25.


[401




]

[402
pdfTeX warning (ext4): destination with the same identifier (name{equation.25.1
}) has been already used, duplicate ignored
<argument> ...shipout:D \box_use:N \l_shipout_box 
                                                  \__shipout_drop_firstpage_...
l.77 
     ]
pdfTeX warning (ext4): destination with the same identifier (name{equation.25.1
}) has been already used, duplicate ignored
<to be read again> 
                   \relax 
l.78 \begin{equation}
                     
pdfTeX warning (ext4): destination with the same identifier (name{equation.25.1
}) has been already used, duplicate ignored
<to be read again> 
                   \relax 
l.78 \begin{equation}
                     
pdfTeX warning (ext4): destination with the same identifier (name{equation.25.1
}) has been already used, duplicate ignored
<to be read again> 
                   \relax 
l.78 \begin{equation}
                     
pdfTeX warning (ext4): destination with the same identifier (name{equation.25.1
}) has been already used, duplicate ignored
<to be read again> 
                   \relax 
l.78 \begin{equation}
                     
pdfTeX warning (ext4): destination with the same identifier (name{equation.25.1
}) has been already used, duplicate ignored
<to be read again> 
                   \relax 
l.87 \begin{equation}
                     
pdfTeX warning (ext4): destination with the same identifier (name{equation.25.1
}) has been already used, duplicate ignored
<to be read again> 
                   \relax 
l.87 \begin{equation}
                     
pdfTeX warning (ext4): destination with the same identifier (name{equation.25.1
}) has been already used, duplicate ignored
<to be read again> 
                   \relax 
l.87 \begin{equation}
                     
pdfTeX warning (ext4): destination with the same identifier (name{equation.25.1
}) has been already used, duplicate ignored
<to be read again> 
                   \relax 
l.87 \begin{equation}
                     

[403]

[404]
pdfTeX warning (ext4): destination with the same identifier (name{equation.25.1
}) has been already used, duplicate ignored
<to be read again> 
                   \relax 
l.148 \begin{equation}
                      
pdfTeX warning (ext4): destination with the same identifier (name{equation.25.1
}) has been already used, duplicate ignored
<to be read again> 
                   \relax 
l.148 \begin{equation}
                      
pdfTeX warning (ext4): destination with the same identifier (name{equation.25.1
}) has been already used, duplicate ignored
<to be read again> 
                   \relax 
l.148 \begin{equation}
                      
pdfTeX warning (ext4): destination with the same identifier (name{equation.25.1
}) has been already used, duplicate ignored
<to be read again> 
                   \relax 
l.148 \begin{equation}
                      

[405]

[406]

[407]
Package mdframed Info: Not enough space on this page on input line 242.


[408]

[409]

[410]
Underfull \hbox (badness 1005) in paragraph at lines 276--277
[]\T1/lmr/bx/n/10.95 Economic mech-a-nisms. \T1/lmr/m/n/10.95 The com-ple-men-t
ar-ity has a co-her-ent eco-nomic in-ter-pre-ta-tion.
 []


pdfTeX warning (ext4): destination with the same identifier (name{equation.25.1
}) has been already used, duplicate ignored
<to be read again> 
                   \relax 
l.289 \begin{equation}
                      
pdfTeX warning (ext4): destination with the same identifier (name{equation.25.1
}) has been already used, duplicate ignored
<to be read again> 
                   \relax 
l.289 \begin{equation}
                      
pdfTeX warning (ext4): destination with the same identifier (name{equation.25.1
}) has been already used, duplicate ignored
<to be read again> 
                   \relax 
l.289 \begin{equation}
                      
pdfTeX warning (ext4): destination with the same identifier (name{equation.25.1
}) has been already used, duplicate ignored
<to be read again> 
                   \relax 
l.289 \begin{equation}
                      
Overfull \hbox (48.07405pt too wide) detected at line 292
[][][]\OML/lmm/m/it/10.95 r[] \OT1/lmr/m/n/10.95 = \OML/lmm/m/it/10.95 [] \OT1
/lmr/m/n/10.95 + \OML/lmm/m/it/10.95 ^^L[][][] \OT1/lmr/m/n/10.95 + \OML/lmm/m/
it/10.95 ^^L[][][] \OT1/lmr/m/n/10.95 + \OML/lmm/m/it/10.95 ^^L[][][] \OT1/lmr/
m/n/10.95 + \OML/lmm/m/it/10.95 ^^L[][][] \OT1/lmr/m/n/10.95 + \OML/lmm/m/it/10
.95 ^^L[][][] \OT1/lmr/m/n/10.95 + \OML/lmm/m/it/10.95 ^^L[]F[] \OT1/lmr/m/n/10
.95 + \OML/lmm/m/it/10.95 ^^L[]F[] \OT1/lmr/m/n/10.95 + \OML/lmm/m/it/10.95 "[]

 []



[411]
Overfull \hbox (0.73607pt too wide) in paragraph at lines 307--307
[]\T1/lmr/m/n/10.95 Method| 
 []


Underfull \hbox (badness 10000) in paragraph at lines 307--307
[]\T1/lmr/m/n/10.95 IC
 []


Underfull \hbox (badness 10000) in paragraph at lines 307--307
\T1/lmr/m/n/10.95 mean
 []


Underfull \hbox (badness 10000) in paragraph at lines 307--307
[]\T1/lmr/m/n/10.95 IC IR
 []


Underfull \hbox (badness 10000) in paragraph at lines 307--307
[]\T1/lmr/m/n/10.95 t-stat
 []


Underfull \hbox (badness 10000) in paragraph at lines 307--307
\T1/lmr/m/n/10.95 NW
 []


Underfull \hbox (badness 10000) in paragraph at lines 307--307
[]\T1/lmr/m/n/10.95 IC
 []


Underfull \hbox (badness 10000) in paragraph at lines 307--307
\T1/lmr/m/n/10.95 mean
 []


Underfull \hbox (badness 10000) in paragraph at lines 307--307
[]\T1/lmr/m/n/10.95 IC IR
 []


Underfull \hbox (badness 10000) in paragraph at lines 307--307
[]\T1/lmr/m/n/10.95 t-stat
 []


Underfull \hbox (badness 10000) in paragraph at lines 307--307
\T1/lmr/m/n/10.95 NW
 []


Underfull \hbox (badness 10000) in paragraph at lines 307--307
[]\T1/lmr/m/n/10.95 IC
 []


Underfull \hbox (badness 10000) in paragraph at lines 307--307
\T1/lmr/m/n/10.95 mean
 []


Underfull \hbox (badness 10000) in paragraph at lines 307--307
\T1/lmr/m/n/10.95 (next-
 []


Underfull \hbox (badness 10000) in paragraph at lines 307--307
[]\T1/lmr/m/n/10.95 IC IR
 []


Underfull \hbox (badness 10000) in paragraph at lines 307--307
\T1/lmr/m/n/10.95 (next-
 []


Underfull \hbox (badness 10000) in paragraph at lines 307--308
[]\T1/lmr/m/n/10.95 t-stat
 []


Underfull \hbox (badness 10000) in paragraph at lines 307--308
\T1/lmr/m/n/10.95 NW
 []


Underfull \hbox (badness 10000) in paragraph at lines 307--308
\T1/lmr/m/n/10.95 (next-
 []


Overfull \hbox (13.08456pt too wide) in paragraph at lines 309--309
[]\T1/lmr/m/n/10.95 Loughran-
 []


Overfull \hbox (13.05478pt too wide) in paragraph at lines 309--309
\T1/lmr/m/n/10.95 McDonald
 []


Underfull \hbox (badness 10000) in paragraph at lines 309--309
\T1/lmr/m/n/10.95 (prep,
 []


Overfull \hbox (13.08456pt too wide) in paragraph at lines 310--310
[]\T1/lmr/m/n/10.95 Loughran-
 []


Overfull \hbox (13.05478pt too wide) in paragraph at lines 310--310
\T1/lmr/m/n/10.95 McDonald
 []


Underfull \hbox (badness 10000) in paragraph at lines 310--310
\T1/lmr/m/n/10.95 (Q&A,
 []


Underfull \hbox (badness 10000) in paragraph at lines 310--310
\T1/lmr/m/n/10.95 an-a-
 []


Overfull \hbox (2.62164pt too wide) in paragraph at lines 311--311
[]\T1/lmr/m/n/10.95 Harvard
 []


Underfull \hbox (badness 10000) in paragraph at lines 311--311
\T1/lmr/m/n/10.95 GI
 []


Underfull \hbox (badness 10000) in paragraph at lines 311--311
\T1/lmr/m/n/10.95 (prep,
 []


Overfull \hbox (2.62164pt too wide) in paragraph at lines 312--312
[]\T1/lmr/m/n/10.95 Harvard
 []


Underfull \hbox (badness 10000) in paragraph at lines 312--312
\T1/lmr/m/n/10.95 GI
 []


Underfull \hbox (badness 10000) in paragraph at lines 312--312
\T1/lmr/m/n/10.95 (Q&A,
 []


Underfull \hbox (badness 10000) in paragraph at lines 312--312
\T1/lmr/m/n/10.95 an-a-
 []


Overfull \hbox (2.71266pt too wide) in paragraph at lines 313--313
[]\T1/lmr/m/n/10.95 VADER
 []


Underfull \hbox (badness 10000) in paragraph at lines 313--313
\T1/lmr/m/n/10.95 (prep,
 []


Overfull \hbox (2.71266pt too wide) in paragraph at lines 314--314
[]\T1/lmr/m/n/10.95 VADER
 []


Underfull \hbox (badness 10000) in paragraph at lines 314--314
\T1/lmr/m/n/10.95 (Q&A,
 []


Underfull \hbox (badness 10000) in paragraph at lines 314--314
\T1/lmr/m/n/10.95 an-a-
 []


Overfull \hbox (2.71335pt too wide) in paragraph at lines 315--315
[]\T1/lmr/m/n/10.95 MiniLM
 []


Underfull \hbox (badness 10000) in paragraph at lines 315--315
\T1/lmr/m/n/10.95 max-
 []


Underfull \hbox (badness 10000) in paragraph at lines 315--315
\T1/lmr/m/n/10.95 seed
 []


Underfull \hbox (badness 10000) in paragraph at lines 315--315
\T1/lmr/m/n/10.95 (prep,
 []


Underfull \hbox (badness 10000) in paragraph at lines 315--315
\T1/lmr/m/n/10.95 mgmt)
 []


Underfull \hbox (badness 10000) in paragraph at lines 315--315
\T1/lmr/m/n/10.95 [base-
 []


Overfull \hbox (2.71335pt too wide) in paragraph at lines 316--316
[]\T1/lmr/m/n/10.95 MiniLM
 []


Underfull \hbox (badness 10000) in paragraph at lines 316--316
\T1/lmr/m/n/10.95 max-
 []


Underfull \hbox (badness 10000) in paragraph at lines 316--316
\T1/lmr/m/n/10.95 seed
 []


Underfull \hbox (badness 10000) in paragraph at lines 316--316
\T1/lmr/m/n/10.95 (Q&A,
 []


Underfull \hbox (badness 10000) in paragraph at lines 316--316
\T1/lmr/m/n/10.95 an-a-
 []


Underfull \hbox (badness 10000) in paragraph at lines 316--316
\T1/lmr/m/n/10.95 lysts)
 []


Underfull \hbox (badness 10000) in paragraph at lines 316--316
\T1/lmr/m/n/10.95 [base-
 []


Overfull \hbox (2.71335pt too wide) in paragraph at lines 317--317
[]\T1/lmr/m/n/10.95 MiniLM
 []


Overfull \hbox (7.7923pt too wide) in paragraph at lines 317--317
\OT1/lmr/m/n/10.95 ^^A$\T1/lmr/m/n/10.95 quarter
 []


Underfull \hbox (badness 10000) in paragraph at lines 317--317
\T1/lmr/m/n/10.95 (prep,
 []


Overfull \hbox (2.71335pt too wide) in paragraph at lines 318--318
[]\T1/lmr/m/n/10.95 MiniLM
 []


Overfull \hbox (7.7923pt too wide) in paragraph at lines 318--318
\OT1/lmr/m/n/10.95 ^^A$\T1/lmr/m/n/10.95 quarter
 []


Underfull \hbox (badness 10000) in paragraph at lines 318--318
\T1/lmr/m/n/10.95 (Q&A,
 []


Underfull \hbox (badness 10000) in paragraph at lines 318--318
\T1/lmr/m/n/10.95 an-a-
 []


Overfull \hbox (10.16414pt too wide) in paragraph at lines 319--319
[]\T1/lmr/m/n/10.95 FinBERT
 []


Underfull \hbox (badness 10000) in paragraph at lines 319--319
\T1/lmr/m/n/10.95 (prep,
 []


Overfull \hbox (10.16414pt too wide) in paragraph at lines 320--320
[]\T1/lmr/m/n/10.95 FinBERT
 []


Underfull \hbox (badness 10000) in paragraph at lines 320--320
\T1/lmr/m/n/10.95 (Q&A,
 []


Underfull \hbox (badness 10000) in paragraph at lines 320--320
\T1/lmr/m/n/10.95 an-a-
 []


Underfull \hbox (badness 10000) in paragraph at lines 321--321
[]\T1/lmr/m/n/10.95 LLM
 []


Underfull \hbox (badness 10000) in paragraph at lines 321--321
\T1/lmr/m/n/10.95 4-dim
 []


Underfull \hbox (badness 10000) in paragraph at lines 321--321
\T1/lmr/m/n/10.95 com-
 []


Underfull \hbox (badness 10000) in paragraph at lines 321--321
\T1/lmr/m/n/10.95 pos-ite
 []


Overfull \hbox (1.49579pt too wide) in paragraph at lines 321--321
\T1/lmr/m/n/10.95 (Llama-
 []



[412]
Overfull \vbox (173.04887pt too high) has occurred while \output is active []



[413]
<files/figure_21_1_signal_d-c98aba29058901425df7938318f10c92.pdf, id=13315, 750
.89954pt x 643.35179pt>
File: files/figure_21_1_signal_d-c98aba29058901425df7938318f10c92.pdf Graphic f
ile (type pdf)
<use files/figure_21_1_signal_d-c98aba29058901425df7938318f10c92.pdf>
Package pdftex.def Info: files/figure_21_1_signal_d-c98aba29058901425df7938318f
10c92.pdf  used on input line 331.
(pdftex.def)             Requested size: 338.58632pt x 290.09464pt.

Overfull \hbox (17.0pt too wide) in paragraph at lines 331--332
[][] 
 []



[414 <./files/figure_21_1_signal_d-c98aba29058901425df7938318f10c92.pdf>]
Overfull \hbox (5.09064pt too wide) in paragraph at lines 344--344
[]\T1/lmr/m/n/10.95 Method| 
 []


Underfull \hbox (badness 10000) in paragraph at lines 344--344
[]\T1/lmr/m/n/10.95 Alpha
 []


Overfull \hbox (1.1666pt too wide) in paragraph at lines 344--344
\T1/lmr/m/n/10.95 (%/yr)| 
 []


Underfull \hbox (badness 10000) in paragraph at lines 344--344
[]\T1/lmr/m/n/10.95 t
 []


Underfull \hbox (badness 10000) in paragraph at lines 344--344
[]$\OML/lmm/m/it/10.95 ^^L$
 []


Underfull \hbox (badness 10000) in paragraph at lines 344--344
\T1/lmr/m/n/10.95 MKT-
 []


Underfull \hbox (badness 10000) in paragraph at lines 344--344
[]$\OML/lmm/m/it/10.95 ^^L$
 []


Underfull \hbox (badness 10000) in paragraph at lines 344--344
[]$\OML/lmm/m/it/10.95 ^^L$
 []


Underfull \hbox (badness 10000) in paragraph at lines 344--344
[]$\OML/lmm/m/it/10.95 ^^L$
 []


Underfull \hbox (badness 10000) in paragraph at lines 344--344
[]$\OML/lmm/m/it/10.95 ^^L$
 []


Underfull \hbox (badness 10000) in paragraph at lines 344--345
[]$\OML/lmm/m/it/10.95 ^^L$
 []


Overfull \hbox (17.43913pt too wide) in paragraph at lines 346--346
[]\T1/lmr/m/n/10.95 Loughran-
 []


Overfull \hbox (17.40935pt too wide) in paragraph at lines 346--346
\T1/lmr/m/n/10.95 McDonald
 []


Underfull \hbox (badness 10000) in paragraph at lines 346--346
\T1/lmr/m/n/10.95 (prep,
 []


Overfull \hbox (17.43913pt too wide) in paragraph at lines 347--347
[]\T1/lmr/m/n/10.95 Loughran-
 []


Overfull \hbox (17.40935pt too wide) in paragraph at lines 347--347
\T1/lmr/m/n/10.95 McDonald
 []


Overfull \hbox (0.5283pt too wide) in paragraph at lines 347--347
\T1/lmr/m/n/10.95 (Q&A,
 []


Underfull \hbox (badness 10000) in paragraph at lines 347--347
\T1/lmr/m/n/10.95 an-a-
 []


Overfull \hbox (6.97621pt too wide) in paragraph at lines 348--348
[]\T1/lmr/m/n/10.95 Harvard
 []


Underfull \hbox (badness 10000) in paragraph at lines 348--348
\T1/lmr/m/n/10.95 GI
 []


Underfull \hbox (badness 10000) in paragraph at lines 348--348
\T1/lmr/m/n/10.95 (prep,
 []


Overfull \hbox (6.97621pt too wide) in paragraph at lines 349--349
[]\T1/lmr/m/n/10.95 Harvard
 []


Underfull \hbox (badness 10000) in paragraph at lines 349--349
\T1/lmr/m/n/10.95 GI
 []


Overfull \hbox (0.5283pt too wide) in paragraph at lines 349--349
\T1/lmr/m/n/10.95 (Q&A,
 []


Underfull \hbox (badness 10000) in paragraph at lines 349--349
\T1/lmr/m/n/10.95 an-a-
 []


Overfull \hbox (7.06723pt too wide) in paragraph at lines 350--350
[]\T1/lmr/m/n/10.95 VADER
 []


Underfull \hbox (badness 10000) in paragraph at lines 350--350
\T1/lmr/m/n/10.95 (prep,
 []


Overfull \hbox (7.06723pt too wide) in paragraph at lines 351--351
[]\T1/lmr/m/n/10.95 VADER
 []


Overfull \hbox (0.5283pt too wide) in paragraph at lines 351--351
\T1/lmr/m/n/10.95 (Q&A,
 []


Underfull \hbox (badness 10000) in paragraph at lines 351--351
\T1/lmr/m/n/10.95 an-a-
 []


Overfull \hbox (7.06792pt too wide) in paragraph at lines 352--352
[]\T1/lmr/m/n/10.95 MiniLM
 []


Underfull \hbox (badness 10000) in paragraph at lines 352--352
\T1/lmr/m/n/10.95 max-
 []


Underfull \hbox (badness 10000) in paragraph at lines 352--352
\T1/lmr/m/n/10.95 seed
 []


Underfull \hbox (badness 10000) in paragraph at lines 352--352
\T1/lmr/m/n/10.95 (prep,
 []


Overfull \hbox (3.87352pt too wide) in paragraph at lines 352--352
[]\T1/lmr/m/n/10.95 0.17***| 
 []


Overfull \hbox (7.06792pt too wide) in paragraph at lines 353--353
[]\T1/lmr/m/n/10.95 MiniLM
 []


Underfull \hbox (badness 10000) in paragraph at lines 353--353
\T1/lmr/m/n/10.95 max-
 []


Underfull \hbox (badness 10000) in paragraph at lines 353--353
\T1/lmr/m/n/10.95 seed
 []


Overfull \hbox (0.5283pt too wide) in paragraph at lines 353--353
\T1/lmr/m/n/10.95 (Q&A,
 []


Underfull \hbox (badness 10000) in paragraph at lines 353--353
\T1/lmr/m/n/10.95 an-a-
 []


Overfull \hbox (7.06792pt too wide) in paragraph at lines 354--354
[]\T1/lmr/m/n/10.95 MiniLM
 []


Overfull \hbox (12.14687pt too wide) in paragraph at lines 354--354
\OT1/lmr/m/n/10.95 ^^A$\T1/lmr/m/n/10.95 quarter
 []


Underfull \hbox (badness 10000) in paragraph at lines 354--354
\T1/lmr/m/n/10.95 (prep,
 []


Underfull \hbox (badness 10000) in paragraph at lines 354--354
[]\T1/lmr/m/n/10.95 -
 []


Underfull \hbox (badness 10000) in paragraph at lines 354--354
[]\T1/lmr/m/n/10.95 -
 []


Overfull \hbox (7.06792pt too wide) in paragraph at lines 355--355
[]\T1/lmr/m/n/10.95 MiniLM
 []


Overfull \hbox (12.14687pt too wide) in paragraph at lines 355--355
\OT1/lmr/m/n/10.95 ^^A$\T1/lmr/m/n/10.95 quarter
 []


Overfull \hbox (0.5283pt too wide) in paragraph at lines 355--355
\T1/lmr/m/n/10.95 (Q&A,
 []


Underfull \hbox (badness 10000) in paragraph at lines 355--355
\T1/lmr/m/n/10.95 an-a-
 []


Overfull \hbox (14.5187pt too wide) in paragraph at lines 356--356
[]\T1/lmr/m/n/10.95 FinBERT
 []


Underfull \hbox (badness 10000) in paragraph at lines 356--356
\T1/lmr/m/n/10.95 (prep,
 []


Overfull \hbox (14.5187pt too wide) in paragraph at lines 357--357
[]\T1/lmr/m/n/10.95 FinBERT
 []


Overfull \hbox (0.5283pt too wide) in paragraph at lines 357--357
\T1/lmr/m/n/10.95 (Q&A,
 []


Underfull \hbox (badness 10000) in paragraph at lines 357--357
\T1/lmr/m/n/10.95 an-a-
 []


Underfull \hbox (badness 10000) in paragraph at lines 358--358
[]\T1/lmr/m/n/10.95 LLM
 []


Underfull \hbox (badness 10000) in paragraph at lines 358--358
\T1/lmr/m/n/10.95 4-dim
 []


Underfull \hbox (badness 10000) in paragraph at lines 358--358
\T1/lmr/m/n/10.95 com-
 []


Underfull \hbox (badness 10000) in paragraph at lines 358--358
\T1/lmr/m/n/10.95 pos-ite
 []


Overfull \hbox (5.85036pt too wide) in paragraph at lines 358--358
\T1/lmr/m/n/10.95 (Llama-
 []


Underfull \hbox (badness 10000) in paragraph at lines 358--358
\T1/lmr/m/n/10.95 3.1-
 []


Overfull \hbox (0.50186pt too wide) in paragraph at lines 341--361
[] 
 []



[415]
Overfull \vbox (118.64885pt too high) has occurred while \output is active []



[416]

[417]

[418]
Package mdframed Info: Not enough space on this page on input line 457.


[419]
Overfull \hbox (22.5979pt too wide) in paragraph at lines 508--508
[]\T1/lmr/m/n/10.95 Earnings_Volatility_Proxy| 
 []


Overfull \hbox (30.5221pt too wide) in paragraph at lines 510--510
[]\T1/lmr/m/n/10.95 GP_to_Assets_Novy_Marx| 
 []


Overfull \hbox (1.61012pt too wide) in paragraph at lines 516--516
[]\T1/lmr/m/n/10.95 embed_zs_qa_analyst| 
 []

<files/figure_21_2_shap_bee-c4682eafcae615f3a58d916cd47a7d81.pdf, id=13430, 685
.34267pt x 570.87656pt>
File: files/figure_21_2_shap_bee-c4682eafcae615f3a58d916cd47a7d81.pdf Graphic f
ile (type pdf)
<use files/figure_21_2_shap_bee-c4682eafcae615f3a58d916cd47a7d81.pdf>
Package pdftex.def Info: files/figure_21_2_shap_bee-c4682eafcae615f3a58d916cd47
a7d81.pdf  used on input line 524.
(pdftex.def)             Requested size: 338.58632pt x 282.04034pt.

Overfull \hbox (17.0pt too wide) in paragraph at lines 524--525
[][] 
 []



[420]
<files/figure_21_3_importan-014d5c1d1f979ba6b51b9e117ad82a23.pdf, id=13438, 931
.78804pt x 462.19551pt>
File: files/figure_21_3_importan-014d5c1d1f979ba6b51b9e117ad82a23.pdf Graphic f
ile (type pdf)
<use files/figure_21_3_importan-014d5c1d1f979ba6b51b9e117ad82a23.pdf>
Package pdftex.def Info: files/figure_21_3_importan-014d5c1d1f979ba6b51b9e117ad
82a23.pdf  used on input line 530.
(pdftex.def)             Requested size: 338.58632pt x 167.94887pt.

Overfull \hbox (17.0pt too wide) in paragraph at lines 530--531
[][] 
 []

<files/figure_21_4_family_b-fc2726191923f112c5e85240626998b5.pdf, id=13439, 931
.84949pt x 462.19551pt>
File: files/figure_21_4_family_b-fc2726191923f112c5e85240626998b5.pdf Graphic f
ile (type pdf)
<use files/figure_21_4_family_b-fc2726191923f112c5e85240626998b5.pdf>
Package pdftex.def Info: files/figure_21_4_family_b-fc2726191923f112c5e85240626
998b5.pdf  used on input line 534.
(pdftex.def)             Requested size: 338.58632pt x 167.93475pt.

Overfull \hbox (17.0pt too wide) in paragraph at lines 534--535
[][] 
 []



[421 <./files/figure_21_2_shap_bee-c4682eafcae615f3a58d916cd47a7d81.pdf> <./fil
es/figure_21_3_importan-014d5c1d1f979ba6b51b9e117ad82a23.pdf>]

[422 <./files/figure_21_4_family_b-fc2726191923f112c5e85240626998b5.pdf>]
<files/figure_21_5_ensemble-64a8403ad570f013a0e3d710ee52651f.pdf, id=13640, 107
6.82304pt x 498.663pt>
File: files/figure_21_5_ensemble-64a8403ad570f013a0e3d710ee52651f.pdf Graphic f
ile (type pdf)
<use files/figure_21_5_ensemble-64a8403ad570f013a0e3d710ee52651f.pdf>
Package pdftex.def Info: files/figure_21_5_ensemble-64a8403ad570f013a0e3d710ee5
2651f.pdf  used on input line 592.
(pdftex.def)             Requested size: 338.58632pt x 156.79053pt.

Overfull \hbox (17.0pt too wide) in paragraph at lines 592--593
[][] 
 []



[423 <./files/figure_21_5_ensemble-64a8403ad570f013a0e3d710ee52651f.pdf>]
<files/figure_21_6_sentimen-af7a398b47e374892a5e17c6d7756307.pdf, id=13754, 674
.98738pt x 295.32709pt>
File: files/figure_21_6_sentimen-af7a398b47e374892a5e17c6d7756307.pdf Graphic f
ile (type pdf)
<use files/figure_21_6_sentimen-af7a398b47e374892a5e17c6d7756307.pdf>
Package pdftex.def Info: files/figure_21_6_sentimen-af7a398b47e374892a5e17c6d77
56307.pdf  used on input line 637.
(pdftex.def)             Requested size: 338.58632pt x 148.14084pt.

Overfull \hbox (17.0pt too wide) in paragraph at lines 637--638
[][] 
 []



[424]
Underfull \hbox (badness 10000) in paragraph at lines 648--648
[]\T1/lmr/m/n/10.95 Traditional 6-factor
 []


Underfull \hbox (badness 10000) in paragraph at lines 649--649
[]\T1/lmr/m/n/10.95 + Loughran-
 []


Underfull \hbox (badness 10000) in paragraph at lines 651--651
[]\T1/lmr/m/n/10.95 + Fin-BERT Q&A
 []


Underfull \hbox (badness 1968) in paragraph at lines 652--652
[]\T1/lmr/m/n/10.95 + MiniLM max-seed
 []


Underfull \hbox (badness 1968) in paragraph at lines 653--653
[]\T1/lmr/m/n/10.95 + MiniLM $\OT1/lmr/m/n/10.95 ^^A$\T1/lmr/m/n/10.95 quarter
 []



[425 <./files/figure_21_6_sentimen-af7a398b47e374892a5e17c6d7756307.pdf>]
Underfull \hbox (badness 1824) in paragraph at lines 678--684
[]\T1/lmr/m/n/10.95 Download a pre-trained sentence-transformer model (e.g., \T
1/lmtt/m/n/10.95 all-MiniLM-L6-v2 \T1/lmr/m/n/10.95 from the
 []

)

[426]
\openout2 = `myst-chap-25-nlp-transformers.aux'.

 (./myst-chap-25-nlp-transformers.tex
Chapter 26.


[427




]
Package mdframed Info: Not enough space on this page on input line 94.



Overfull \hbox (8.79065pt too wide) has occurred while \output is active
\T1/lmr/m/sl/10.95 CHAPTER 26.  TRANSFORMERS AND PRE-TRAINED LANGUAGE MODELS FO
R FINANCE \T1/lmr/m/n/10.95 428
 []

[428]
Package mdframed Info: Not enough space on this page on input line 94.



Overfull \hbox (8.79065pt too wide) has occurred while \output is active
\T1/lmr/m/sl/10.95 CHAPTER 26.  TRANSFORMERS AND PRE-TRAINED LANGUAGE MODELS FO
R FINANCE \T1/lmr/m/n/10.95 429
 []

[429]
pdfTeX warning (ext4): destination with the same identifier (name{equation.26.1
}) has been already used, duplicate ignored
<to be read again> 
                   \relax 
l.117 \begin{equation}
                      
pdfTeX warning (ext4): destination with the same identifier (name{equation.26.1
}) has been already used, duplicate ignored
<to be read again> 
                   \relax 
l.117 \begin{equation}
                      
pdfTeX warning (ext4): destination with the same identifier (name{equation.26.1
}) has been already used, duplicate ignored
<to be read again> 
                   \relax 
l.117 \begin{equation}
                      
pdfTeX warning (ext4): destination with the same identifier (name{equation.26.1
}) has been already used, duplicate ignored
<to be read again> 
                   \relax 
l.117 \begin{equation}
                      
pdfTeX warning (ext4): destination with the same identifier (name{equation.26.1
}) has been already used, duplicate ignored
<to be read again> 
                   \relax 
l.126 \begin{equation}
                      
pdfTeX warning (ext4): destination with the same identifier (name{equation.26.1
}) has been already used, duplicate ignored
<to be read again> 
                   \relax 
l.126 \begin{equation}
                      
pdfTeX warning (ext4): destination with the same identifier (name{equation.26.1
}) has been already used, duplicate ignored
<to be read again> 
                   \relax 
l.126 \begin{equation}
                      
pdfTeX warning (ext4): destination with the same identifier (name{equation.26.1
}) has been already used, duplicate ignored
<to be read again> 
                   \relax 
l.126 \begin{equation}
                      
pdfTeX warning (ext4): destination with the same identifier (name{equation.26.1
}) has been already used, duplicate ignored
<to be read again> 
                   \relax 
l.135 \begin{equation}
                      
pdfTeX warning (ext4): destination with the same identifier (name{equation.26.1
}) has been already used, duplicate ignored
<to be read again> 
                   \relax 
l.135 \begin{equation}
                      
pdfTeX warning (ext4): destination with the same identifier (name{equation.26.1
}) has been already used, duplicate ignored
<to be read again> 
                   \relax 
l.135 \begin{equation}
                      
pdfTeX warning (ext4): destination with the same identifier (name{equation.26.1
}) has been already used, duplicate ignored
<to be read again> 
                   \relax 
l.135 \begin{equation}
                      
pdfTeX warning (ext4): destination with the same identifier (name{equation.26.1
}) has been already used, duplicate ignored
<to be read again> 
                   \relax 
l.144 \begin{equation}
                      
pdfTeX warning (ext4): destination with the same identifier (name{equation.26.1
}) has been already used, duplicate ignored
<to be read again> 
                   \relax 
l.144 \begin{equation}
                      
pdfTeX warning (ext4): destination with the same identifier (name{equation.26.1
}) has been already used, duplicate ignored
<to be read again> 
                   \relax 
l.144 \begin{equation}
                      
pdfTeX warning (ext4): destination with the same identifier (name{equation.26.1
}) has been already used, duplicate ignored
<to be read again> 
                   \relax 
l.144 \begin{equation}
                      
pdfTeX warning (ext4): destination with the same identifier (name{equation.26.1
}) has been already used, duplicate ignored
<to be read again> 
                   \relax 
l.151 \begin{equation}
                      
pdfTeX warning (ext4): destination with the same identifier (name{equation.26.1
}) has been already used, duplicate ignored
<to be read again> 
                   \relax 
l.151 \begin{equation}
                      
pdfTeX warning (ext4): destination with the same identifier (name{equation.26.1
}) has been already used, duplicate ignored
<to be read again> 
                   \relax 
l.151 \begin{equation}
                      
pdfTeX warning (ext4): destination with the same identifier (name{equation.26.1
}) has been already used, duplicate ignored
<to be read again> 
                   \relax 
l.151 \begin{equation}
                      


Overfull \hbox (8.79065pt too wide) has occurred while \output is active
\T1/lmr/m/sl/10.95 CHAPTER 26.  TRANSFORMERS AND PRE-TRAINED LANGUAGE MODELS FO
R FINANCE \T1/lmr/m/n/10.95 430
 []

[430]
<files/figure_22_2_transfor-32e03fc756512304f5bc51ab8199c3b0.pdf, id=13914, 657
.65701pt x 599.84097pt>
File: files/figure_22_2_transfor-32e03fc756512304f5bc51ab8199c3b0.pdf Graphic f
ile (type pdf)
<use files/figure_22_2_transfor-32e03fc756512304f5bc51ab8199c3b0.pdf>
Package pdftex.def Info: files/figure_22_2_transfor-32e03fc756512304f5bc51ab819
9c3b0.pdf  used on input line 160.
(pdftex.def)             Requested size: 338.58632pt x 308.8346pt.

Overfull \hbox (17.0pt too wide) in paragraph at lines 160--161
[][] 
 []




Overfull \hbox (8.79065pt too wide) has occurred while \output is active
\T1/lmr/m/sl/10.95 CHAPTER 26.  TRANSFORMERS AND PRE-TRAINED LANGUAGE MODELS FO
R FINANCE \T1/lmr/m/n/10.95 431
 []

[431 <./files/figure_22_2_transfor-32e03fc756512304f5bc51ab8199c3b0.pdf>]
<files/figure_22_1_bert_att-ecea773b678058b459f5461fbc5aa46d.pdf, id=13998, 570
.49948pt x 281.92418pt>
File: files/figure_22_1_bert_att-ecea773b678058b459f5461fbc5aa46d.pdf Graphic f
ile (type pdf)
<use files/figure_22_1_bert_att-ecea773b678058b459f5461fbc5aa46d.pdf>
Package pdftex.def Info: files/figure_22_1_bert_att-ecea773b678058b459f5461fbc5
aa46d.pdf  used on input line 224.
(pdftex.def)             Requested size: 338.58632pt x 167.32753pt.

Overfull \hbox (17.0pt too wide) in paragraph at lines 224--225
[][] 
 []




Overfull \hbox (8.79065pt too wide) has occurred while \output is active
\T1/lmr/m/sl/10.95 CHAPTER 26.  TRANSFORMERS AND PRE-TRAINED LANGUAGE MODELS FO
R FINANCE \T1/lmr/m/n/10.95 432
 []

[432]
<files/figure_22_3_encoder_-b5ef1b82484dab5061b68639a352e06f.pdf, id=14013, 656
.5977pt x 371.37546pt>
File: files/figure_22_3_encoder_-b5ef1b82484dab5061b68639a352e06f.pdf Graphic f
ile (type pdf)
<use files/figure_22_3_encoder_-b5ef1b82484dab5061b68639a352e06f.pdf>
Package pdftex.def Info: files/figure_22_3_encoder_-b5ef1b82484dab5061b68639a35
2e06f.pdf  used on input line 240.
(pdftex.def)             Requested size: 338.58632pt x 191.507pt.

Overfull \hbox (17.0pt too wide) in paragraph at lines 240--241
[][] 
 []




Overfull \hbox (8.79065pt too wide) has occurred while \output is active
\T1/lmr/m/sl/10.95 CHAPTER 26.  TRANSFORMERS AND PRE-TRAINED LANGUAGE MODELS FO
R FINANCE \T1/lmr/m/n/10.95 433
 []

[433 <./files/figure_22_1_bert_att-ecea773b678058b459f5461fbc5aa46d.pdf> <./fil
es/figure_22_3_encoder_-b5ef1b82484dab5061b68639a352e06f.pdf>]
pdfTeX warning (ext4): destination with the same identifier (name{equation.26.1
}) has been already used, duplicate ignored
<to be read again> 
                   \relax 
l.261 \begin{equation}
                      
pdfTeX warning (ext4): destination with the same identifier (name{equation.26.1
}) has been already used, duplicate ignored
<to be read again> 
                   \relax 
l.261 \begin{equation}
                      
pdfTeX warning (ext4): destination with the same identifier (name{equation.26.1
}) has been already used, duplicate ignored
<to be read again> 
                   \relax 
l.261 \begin{equation}
                      
pdfTeX warning (ext4): destination with the same identifier (name{equation.26.1
}) has been already used, duplicate ignored
<to be read again> 
                   \relax 
l.261 \begin{equation}
                      


Overfull \hbox (8.79065pt too wide) has occurred while \output is active
\T1/lmr/m/sl/10.95 CHAPTER 26.  TRANSFORMERS AND PRE-TRAINED LANGUAGE MODELS FO
R FINANCE \T1/lmr/m/n/10.95 434
 []

[434]


Overfull \hbox (8.79065pt too wide) has occurred while \output is active
\T1/lmr/m/sl/10.95 CHAPTER 26.  TRANSFORMERS AND PRE-TRAINED LANGUAGE MODELS FO
R FINANCE \T1/lmr/m/n/10.95 435
 []

[435]


Overfull \hbox (8.79065pt too wide) has occurred while \output is active
\T1/lmr/m/sl/10.95 CHAPTER 26.  TRANSFORMERS AND PRE-TRAINED LANGUAGE MODELS FO
R FINANCE \T1/lmr/m/n/10.95 436
 []

[436])


Overfull \hbox (8.79065pt too wide) has occurred while \output is active
\T1/lmr/m/sl/10.95 CHAPTER 26.  TRANSFORMERS AND PRE-TRAINED LANGUAGE MODELS FO
R FINANCE \T1/lmr/m/n/10.95 437
 []

[437]
\openout2 = `myst-chap-26-nlp-llms.aux'.

 (./myst-chap-26-nlp-llms.tex
Chapter 27.


[438




]
Underfull \hbox (badness 10000) in paragraph at lines 36--36
[]\T1/lmr/m/n/10.95 Flagship
 []


Underfull \hbox (badness 10000) in paragraph at lines 36--36
\T1/lmr/m/n/10.95 (mid-
 []


Underfull \hbox (badness 10000) in paragraph at lines 36--36
[]\T1/lmr/m/n/10.95 Context
 []


Underfull \hbox (badness 10000) in paragraph at lines 36--36
[]\T1/lmr/m/n/10.95 Approx.
 []


Underfull \hbox (badness 10000) in paragraph at lines 36--37
[]\T1/lmr/m/n/10.95 Strengths
 []


Underfull \hbox (badness 10000) in paragraph at lines 36--37
\T1/lmr/m/n/10.95 for fi-
 []


Underfull \hbox (badness 10000) in paragraph at lines 38--38
[]\T1/lmr/m/n/10.95 GPT-5.6
 []


Overfull \hbox (7.93031pt too wide) in paragraph at lines 38--38
[]\T1/lmr/m/n/10.95 Undisclosed| 
 []


Underfull \hbox (badness 10000) in paragraph at lines 38--38
[]\T1/lmr/m/n/10.95 effort
 []


Underfull \hbox (badness 10000) in paragraph at lines 38--38
\T1/lmr/m/n/10.95 lev-els
 []


Underfull \hbox (badness 10000) in paragraph at lines 38--38
\T1/lmr/m/n/10.95 (low-
 []


Overfull \hbox (6.98752pt too wide) in paragraph at lines 38--39
\T1/lmr/m/n/10.95 instruction-
 []


Overfull \hbox (7.93031pt too wide) in paragraph at lines 39--39
[]\T1/lmr/m/n/10.95 Undisclosed| 
 []


Underfull \hbox (badness 10000) in paragraph at lines 39--39
[]\T1/lmr/m/n/10.95 Extended
 []


Underfull \hbox (badness 10000) in paragraph at lines 39--40
[]\T1/lmr/m/n/10.95 Long-
 []


Underfull \hbox (badness 10000) in paragraph at lines 39--40
\T1/lmr/m/n/10.95 document
 []


Underfull \hbox (badness 10000) in paragraph at lines 39--40
\T1/lmr/m/n/10.95 in-ges-tion,
 []


Underfull \hbox (badness 10000) in paragraph at lines 39--40
\T1/lmr/m/n/10.95 tiered
 []


Underfull \hbox (badness 10000) in paragraph at lines 39--40
\T1/lmr/m/n/10.95 cost
 []


Underfull \hbox (badness 10000) in paragraph at lines 40--40
[]\T1/lmr/m/n/10.95 Llama 4
 []


Underfull \hbox (badness 10000) in paragraph at lines 40--40
[]\T1/lmr/m/n/10.95 128K to
 []


Underfull \hbox (badness 10000) in paragraph at lines 40--40
[]\T1/lmr/m/n/10.95 17B ac-
 []


Underfull \hbox (badness 10000) in paragraph at lines 40--40
\T1/lmr/m/n/10.95 tive+
 []


Overfull \hbox (9.02495pt too wide) in paragraph at lines 40--40
[]\T1/lmr/m/n/10.95 (community
 []


Underfull \hbox (badness 10000) in paragraph at lines 40--40
\T1/lmr/m/n/10.95 fine-
 []


Underfull \hbox (badness 10000) in paragraph at lines 40--41
[]\T1/lmr/m/n/10.95 On-
 []


Underfull \hbox (badness 10000) in paragraph at lines 40--41
\T1/lmr/m/n/10.95 premise
 []


Underfull \hbox (badness 10000) in paragraph at lines 40--41
\T1/lmr/m/n/10.95 de-ploy-
 []


Underfull \hbox (badness 10000) in paragraph at lines 40--41
\T1/lmr/m/n/10.95 ment,
 []


Underfull \hbox (badness 10000) in paragraph at lines 40--41
\T1/lmr/m/n/10.95 Fin-GPT
 []


Underfull \hbox (badness 10000) in paragraph at lines 41--41
[]\T1/lmr/m/n/10.95 DeepSeek
 []


Underfull \hbox (badness 1708) in paragraph at lines 41--41
[]\T1/lmr/m/n/10.95 V3.2, V4
 []


Underfull \hbox (badness 10000) in paragraph at lines 41--41
[]\T1/lmr/m/n/10.95 37B ac-
 []


Underfull \hbox (badness 10000) in paragraph at lines 41--41
\T1/lmr/m/n/10.95 tive /
 []


Underfull \hbox (badness 10000) in paragraph at lines 41--41
\T1/lmr/m/n/10.95 671B
 []


Underfull \hbox (badness 10000) in paragraph at lines 41--41
\T1/lmr/m/n/10.95 to-tal
 []


Underfull \hbox (badness 10000) in paragraph at lines 41--42
[]\T1/lmr/m/n/10.95 Cost-
 []


Underfull \hbox (badness 10000) in paragraph at lines 41--42
\T1/lmr/m/n/10.95 efficient
 []


Underfull \hbox (badness 10000) in paragraph at lines 41--42
\T1/lmr/m/n/10.95 rea-son-
 []


Underfull \hbox (badness 10000) in paragraph at lines 42--42
[]\T1/lmr/m/n/10.95 Mistral
 []


Underfull \hbox (badness 10000) in paragraph at lines 42--42
[]\T1/lmr/m/n/10.95 Mistral
 []


Underfull \hbox (badness 10000) in paragraph at lines 42--42
[]\T1/lmr/m/n/10.95 up to
 []


Underfull \hbox (badness 10000) in paragraph at lines 42--42
[]\T1/lmr/m/n/10.95 41B ac-
 []


Underfull \hbox (badness 10000) in paragraph at lines 42--42
\T1/lmr/m/n/10.95 tive /
 []


Underfull \hbox (badness 10000) in paragraph at lines 42--42
\T1/lmr/m/n/10.95 675B
 []


Underfull \hbox (badness 10000) in paragraph at lines 42--42
[]\T1/lmr/m/n/10.95 (Mistral
 []


Underfull \hbox (badness 10000) in paragraph at lines 42--42
\T1/lmr/m/n/10.95 rea-son-
 []


Underfull \hbox (badness 10000) in paragraph at lines 42--43
[]\T1/lmr/m/n/10.95 EU res-
 []


Underfull \hbox (badness 10000) in paragraph at lines 42--43
\T1/lmr/m/n/10.95 i-dency,
 []


Underfull \hbox (badness 10000) in paragraph at lines 42--43
\T1/lmr/m/n/10.95 mul-ti-
 []


Underfull \hbox (badness 10000) in paragraph at lines 42--43
\T1/lmr/m/n/10.95 lin-gual,
 []


Overfull \hbox (7.93031pt too wide) in paragraph at lines 43--43
[]\T1/lmr/m/n/10.95 Undisclosed| 
 []


Underfull \hbox (badness 10000) in paragraph at lines 43--43
[]\T1/lmr/m/n/10.95 Deep
 []


Overfull \hbox (20.27972pt too wide) in paragraph at lines 43--44
[]\T1/lmr/m/n/10.95 Multimodality
 []


Underfull \hbox (badness 10000) in paragraph at lines 43--44
\T1/lmr/m/n/10.95 (charts,
 []


Underfull \hbox (badness 10000) in paragraph at lines 43--44
\T1/lmr/m/n/10.95 video),
 []


Underfull \hbox (badness 10000) in paragraph at lines 44--44
[]\T1/lmr/m/n/10.95 Qwen
 []


Underfull \hbox (badness 4479) in paragraph at lines 44--44
\T1/lmr/m/n/10.95 3.7 Max,
 []


Underfull \hbox (badness 10000) in paragraph at lines 44--45
[]\T1/lmr/m/n/10.95 Chinese-
 []


Underfull \hbox (badness 10000) in paragraph at lines 44--45
\T1/lmr/m/n/10.95 language
 []


Underfull \hbox (badness 10000) in paragraph at lines 44--45
\T1/lmr/m/n/10.95 news,
 []


Underfull \hbox (badness 10000) in paragraph at lines 44--45
\T1/lmr/m/n/10.95 A-share
 []


Overfull \hbox (1.11632pt too wide) in paragraph at lines 45--45
[]\T1/lmr/m/n/10.95 FinBERT,
 []


Underfull \hbox (badness 10000) in paragraph at lines 45--45
\T1/lmr/m/n/10.95 Fin-GPT,
 []


Overfull \hbox (27.38043pt too wide) in paragraph at lines 45--45
\T1/lmr/m/n/10.95 BloombergGPT| 
 []


Underfull \hbox (badness 10000) in paragraph at lines 45--45
[]\T1/lmr/m/n/10.95 512 to
 []


Underfull \hbox (badness 10000) in paragraph at lines 45--45
[]\T1/lmr/m/n/10.95 110M to
 []


Underfull \hbox (badness 10000) in paragraph at lines 45--46
[]\T1/lmr/m/n/10.95 Pre-tuned
 []


Underfull \hbox (badness 10000) in paragraph at lines 45--46
\T1/lmr/m/n/10.95 to fi-
 []


Underfull \hbox (badness 10000) in paragraph at lines 45--46
\T1/lmr/m/n/10.95 nan-cial
 []



[439]

[440]
<files/figure_23_1_llm_ecos-6e526da398abc96b1cdc915b0a7f544c.pdf, id=14231, 107
6.82304pt x 643.20299pt>
File: files/figure_23_1_llm_ecos-6e526da398abc96b1cdc915b0a7f544c.pdf Graphic f
ile (type pdf)
<use files/figure_23_1_llm_ecos-6e526da398abc96b1cdc915b0a7f544c.pdf>
Package pdftex.def Info: files/figure_23_1_llm_ecos-6e526da398abc96b1cdc915b0a7
f544c.pdf  used on input line 61.
(pdftex.def)             Requested size: 338.58632pt x 202.23706pt.

Overfull \hbox (17.0pt too wide) in paragraph at lines 61--62
[][] 
 []



[441 <./files/figure_23_1_llm_ecos-6e526da398abc96b1cdc915b0a7f544c.pdf>]

[442]

[443]
pdfTeX warning (ext4): destination with the same identifier (name{equation.27.1
}) has been already used, duplicate ignored
<to be read again> 
                   \relax 
l.120 \begin{equation}
                      
pdfTeX warning (ext4): destination with the same identifier (name{equation.27.1
}) has been already used, duplicate ignored
<to be read again> 
                   \relax 
l.120 \begin{equation}
                      
pdfTeX warning (ext4): destination with the same identifier (name{equation.27.1
}) has been already used, duplicate ignored
<to be read again> 
                   \relax 
l.120 \begin{equation}
                      
pdfTeX warning (ext4): destination with the same identifier (name{equation.27.1
}) has been already used, duplicate ignored
<to be read again> 
                   \relax 
l.120 \begin{equation}
                      
pdfTeX warning (ext4): destination with the same identifier (name{equation.27.1
}) has been already used, duplicate ignored
<to be read again> 
                   \relax 
l.129 \begin{equation}
                      
pdfTeX warning (ext4): destination with the same identifier (name{equation.27.1
}) has been already used, duplicate ignored
<to be read again> 
                   \relax 
l.129 \begin{equation}
                      
pdfTeX warning (ext4): destination with the same identifier (name{equation.27.1
}) has been already used, duplicate ignored
<to be read again> 
                   \relax 
l.129 \begin{equation}
                      
pdfTeX warning (ext4): destination with the same identifier (name{equation.27.1
}) has been already used, duplicate ignored
<to be read again> 
                   \relax 
l.129 \begin{equation}
                      

[444]
pdfTeX warning (ext4): destination with the same identifier (name{equation.27.1
}) has been already used, duplicate ignored
<to be read again> 
                   \relax 
l.156 \begin{equation}
                      
pdfTeX warning (ext4): destination with the same identifier (name{equation.27.1
}) has been already used, duplicate ignored
<to be read again> 
                   \relax 
l.156 \begin{equation}
                      
pdfTeX warning (ext4): destination with the same identifier (name{equation.27.1
}) has been already used, duplicate ignored
<to be read again> 
                   \relax 
l.156 \begin{equation}
                      
pdfTeX warning (ext4): destination with the same identifier (name{equation.27.1
}) has been already used, duplicate ignored
<to be read again> 
                   \relax 
l.156 \begin{equation}
                      

[445]

[446]

[447]

[448]

[449]

[450]
<files/figure_23_2_llm_agen-048949c5ccba4d7480d94f157abf3aea.pdf, id=14569, 932
.28299pt x 530.13144pt>
File: files/figure_23_2_llm_agen-048949c5ccba4d7480d94f157abf3aea.pdf Graphic f
ile (type pdf)
<use files/figure_23_2_llm_agen-048949c5ccba4d7480d94f157abf3aea.pdf>
Package pdftex.def Info: files/figure_23_2_llm_agen-048949c5ccba4d7480d94f157ab
f3aea.pdf  used on input line 326.
(pdftex.def)             Requested size: 338.58632pt x 192.5378pt.

Overfull \hbox (17.0pt too wide) in paragraph at lines 326--327
[][] 
 []



[451]
pdfTeX warning (ext4): destination with the same identifier (name{equation.27.1
}) has been already used, duplicate ignored
<to be read again> 
                   \relax 
l.332 \begin{equation}
                      
pdfTeX warning (ext4): destination with the same identifier (name{equation.27.1
}) has been already used, duplicate ignored
<to be read again> 
                   \relax 
l.332 \begin{equation}
                      
pdfTeX warning (ext4): destination with the same identifier (name{equation.27.1
}) has been already used, duplicate ignored
<to be read again> 
                   \relax 
l.332 \begin{equation}
                      
pdfTeX warning (ext4): destination with the same identifier (name{equation.27.1
}) has been already used, duplicate ignored
<to be read again> 
                   \relax 
l.332 \begin{equation}
                      

[452 <./files/figure_23_2_llm_agen-048949c5ccba4d7480d94f157abf3aea.pdf>]

[453]

[454]

[455])

[456]
\openout2 = `myst-chap-27-nlp-case-study.aux'.

 (./myst-chap-27-nlp-case-study.tex
Chapter 28.


[457




]

[458]

[459]

[460]

[461]

[462]

[463]

[464]

[465]

[466]

[467]
<files/figure_24_1_case_bac-6d7eaa395c4431da788beac29c5d8959.pdf, id=14943, 101
1.78pt x 325.215pt>
File: files/figure_24_1_case_bac-6d7eaa395c4431da788beac29c5d8959.pdf Graphic f
ile (type pdf)
<use files/figure_24_1_case_bac-6d7eaa395c4431da788beac29c5d8959.pdf>
Package pdftex.def Info: files/figure_24_1_case_bac-6d7eaa395c4431da788beac29c5
d8959.pdf  used on input line 348.
(pdftex.def)             Requested size: 338.58632pt x 108.82983pt.

Overfull \hbox (17.0pt too wide) in paragraph at lines 348--349
[][] 
 []



[468 <./files/figure_24_1_case_bac-6d7eaa395c4431da788beac29c5d8959.pdf>])

[469]
\openout2 = `myst-bibliography.aux'.

 (./myst-bibliography.tex

[470




]) (./myst.bbl

[471



]

[472]

[473]

[474]

[475]

[476]

[477]

[478]

[479]

[480]

[481]

[482]

[483]

[484]

[485]

[486]

[487]

[488]

[489]

[490]

[491]

[492]

[493]

[494]

[495]

[496]

[497]

[498]

[499]

[500]

[501]

[502]

[503]

[504]

[505]

[506]

[507]

[508]

[509]

[510]

[511]

[512]

[513]

[514]

[515]

[516]

[517]

[518]

[519])

[520] (./myst.aux (./myst-index.aux) (./myst-chap-01-notations.aux)
(./myst-chap-02-introduction.aux) (./myst-chap-03-asset-pricing.aux)
(./myst-chap-04-predictability.aux) (./myst-chap-05-data-processing.aux)
(./myst-chap-06-lasso.aux) (./myst-chap-07-trees.aux)
(./myst-chap-08-neural-networks.aux) (./myst-chap-09-gnn.aux)
(./myst-chap-10-support-vector.aux) (./myst-chap-11-bayes.aux)
(./myst-chap-12-genetic-algorithms.aux) (./myst-chap-13-validating-tuning.aux)
(./myst-chap-14-ensemble.aux) (./myst-chap-15-portfolio-backtesting.aux)
(./myst-chap-16-uncertainty.aux) (./myst-chap-17-design-uncertainty.aux)
(./myst-chap-18-complexity.aux) (./myst-chap-19-interpretability.aux)
(./myst-chap-20-causality.aux) (./myst-chap-21-unsupervised.aux)
(./myst-chap-22-reinforcement-learning.aux) (./myst-chap-23-nlp-classic.aux)
(./myst-chap-24-nlp-embeddings.aux) (./myst-chap-25-nlp-transformers.aux)
(./myst-chap-26-nlp-llms.aux) (./myst-chap-27-nlp-case-study.aux)
(./myst-bibliography.aux))
 ***********
LaTeX2e <2024-11-01> patch level 2
L3 programming layer <2025-01-18>
 ***********


LaTeX Warning: There were undefined references.

Package rerunfilecheck Info: File `myst.out' has not changed.
(rerunfilecheck)             Checksum: BA1A23998969EB5B6FA27B27E35AD4AB;91229.
 ) 
Here is how much of TeX's memory you used:
 36292 strings out of 473190
 737009 string characters out of 5715801
 1285495 words of memory out of 5000000
 56296 multiletter control sequences out of 15000+600000
 707512 words of font info for 139 fonts, out of 8000000 for 9000
 1141 hyphenation exceptions out of 8191
 104i,22n,109p,3988b,2484s stack positions out of 10000i,1000n,20000p,200000b,200000s
</usr/local/texlive/2025/texmf-dist/fonts/type1/public/lm/lmbx10.pfb></usr/lo
cal/texlive/2025/texmf-dist/fonts/type1/public/lm/lmbx12.pfb></usr/local/texliv
e/2025/texmf-dist/fonts/type1/public/lm/lmbx6.pfb></usr/local/texlive/2025/texm
f-dist/fonts/type1/public/lm/lmbx8.pfb></usr/local/texlive/2025/texmf-dist/font
s/type1/public/lm/lmcsc10.pfb></usr/local/texlive/2025/texmf-dist/fonts/type1/p
ublic/lm/lmex10.pfb></usr/local/texlive/2025/texmf-dist/fonts/type1/public/lm/l
mmi10.pfb></usr/local/texlive/2025/texmf-dist/fonts/type1/public/lm/lmmi12.pfb>
</usr/local/texlive/2025/texmf-dist/fonts/type1/public/lm/lmmi5.pfb></usr/local
/texlive/2025/texmf-dist/fonts/type1/public/lm/lmmi6.pfb></usr/local/texlive/20
25/texmf-dist/fonts/type1/public/lm/lmmi7.pfb></usr/local/texlive/2025/texmf-di
st/fonts/type1/public/lm/lmmi8.pfb></usr/local/texlive/2025/texmf-dist/fonts/ty
pe1/public/lm/lmmi9.pfb></usr/local/texlive/2025/texmf-dist/fonts/type1/public/
lm/lmmib10.pfb></usr/local/texlive/2025/texmf-dist/fonts/type1/public/lm/lmr10.
pfb></usr/local/texlive/2025/texmf-dist/fonts/type1/public/lm/lmr12.pfb></usr/l
ocal/texlive/2025/texmf-dist/fonts/type1/public/lm/lmr6.pfb></usr/local/texlive
/2025/texmf-dist/fonts/type1/public/lm/lmr7.pfb></usr/local/texlive/2025/texmf-
dist/fonts/type1/public/lm/lmr8.pfb></usr/local/texlive/2025/texmf-dist/fonts/t
ype1/public/lm/lmr9.pfb></usr/local/texlive/2025/texmf-dist/fonts/type1/public/
lm/lmri10.pfb></usr/local/texlive/2025/texmf-dist/fonts/type1/public/lm/lmro10.
pfb></usr/local/texlive/2025/texmf-dist/fonts/type1/public/lm/lmsy10.pfb></usr/
local/texlive/2025/texmf-dist/fonts/type1/public/lm/lmsy5.pfb></usr/local/texli
ve/2025/texmf-dist/fonts/type1/public/lm/lmsy6.pfb></usr/local/texlive/2025/tex
mf-dist/fonts/type1/public/lm/lmsy7.pfb></usr/local/texlive/2025/texmf-dist/fon
ts/type1/public/lm/lmsy8.pfb></usr/local/texlive/2025/texmf-dist/fonts/type1/pu
blic/lm/lmtt10.pfb></usr/local/texlive/2025/texmf-dist/fonts/type1/public/lm/lm
tt8.pfb></usr/local/texlive/2025/texmf-dist/fonts/type1/public/lm/lmtt9.pfb></u
sr/local/texlive/2025/texmf-dist/fonts/type1/public/amsfonts/symbols/msbm10.pfb
>
Output written on myst.pdf (531 pages, 15763378 bytes).
PDF statistics:
 15946 PDF objects out of 18468 (max. 8388607)
 10706 compressed objects within 108 object streams
 2526 named destinations out of 2984 (max. 500000)
 4443 words of extra memory for PDF output out of 10000 (max. 10000000)

